,,,ner,,,ne0,,,ne1,,,np0,,,ne2,,,np1,,,neg,,,cjo,,,cjm,,,ceo,,,cem,,,cpo,,,cpm,,,cjc,,,cpod1,,,cpod2,,,cpmd,,,iqs,,,iqt,,,
File,Other versions,Notes,Offset,VRAM,Size,Offset,VRAM,Size,Offset,VRAM,Size,Offset,VRAM,Size,Offset,VRAM,Size,Offset,VRAM,Size,Offset,VRAM,Size,Offset,VRAM,Size,Offset,VRAM,Size,Offset,VRAM,Size,Offset,VRAM,Size,Offset,VRAM,Size,Offset,VRAM,Size,Offset,VRAM,Size,Offset,VRAM,Size,Offset,VRAM,Size,Offset,VRAM,Size,Offset,VRAM,Size,Offset,VRAM,Size,iQue
z_en_a_keep,,,0,800110A0,AA0,0,800110A0,AA0,0,800110A0,AA0,0,800116E0,AA0,0,800116E0,AA0,0,800116E0,AA0,0,800117E0,AA0,0,80010EE0,AA0,0,80010EE0,AA0,0,80010EE0,AA0,0,80010EE0,AA0,0,80010F00,AA0,0,80010F00,AA0,0,80010EE0,AA0,0,8001CE60,AD0,0,8001CE60,AD0,0,8001CE60,AD0,0,80018FA0,AA0,0,80018A40,AA0,
z_en_item00,,,000AA0,80011B40,23F0,000AA0,80011B40,23F0,000AA0,80011B40,23F0,000AA0,80012180,23F0,AA0,80012180,23F0,AA0,80012180,23F0,AA0,80012280,23F0,000AA0,80011980,2400,AA0,80011980,2400,AA0,80011980,2400,000AA0,80011980,2400,000AA0,800119A0,2400,000AA0,800119A0,2400,AA0,80011980,2400,AD0,8001D930,24C0,AD0,8001D930,24C0,AD0,8001D930,24C0,000AA0,80019A40,2400,000AA0,800194E0,2400,
z_eff_blure,,,002E90,80013F30,3480,002E90,80013F30,3480,002E90,80013F30,3480,002E90,80014570,3480,2E90,80014570,3480,2E90,80014570,3480,2E90,80014670,3480,002EA0,80013D80,3430,2EA0,80013D80,3430,2EA0,80013D80,3430,002EA0,80013D80,3430,002EA0,80013DA0,3430,002EA0,80013DA0,3430,2EA0,80013D80,3430,002F90,8001FDF0,3660,002F90,8001FDF0,3660,2F90,8001FDF0,3660,002EA0,8001BE40,3430,002EA0,8001B8E0,3430,
z_eff_shield_particle,,,006310,800173B0,1670,006310,800173B0,1670,006310,800173B0,1670,006310,800179F0,1670,6310,800179F0,1670,6310,800179F0,1670,6310,80017AF0,1670,0062D0,800171B0,1660,62D0,800171B0,1660,62D0,800171B0,1660,0062D0,800171B0,1660,0062D0,800171D0,1660,0062D0,800171D0,1660,62D0,800171B0,1660,0065F0,80023450,16B0,0065F0,80023450,16B0,65F0,80023450,16B0,0062D0,8001F270,1660,0062D0,8001ED10,1660,
z_eff_spark,,,007980,80018A20,16C0,007980,80018A20,16C0,007980,80018A20,16C0,007980,80019060,16C0,7980,80019060,16C0,7980,80019060,16C0,7980,80019160,16C0,007930,80018810,16B0,7930,80018810,16B0,7930,80018810,16B0,007930,80018810,16B0,007930,80018830,16B0,007930,80018830,16B0,7930,80018810,16B0,007CA0,80024B00,1730,007CA0,80024B00,1730,7CA0,80024B00,1730,007930,800208D0,16B0,007930,80020370,16B0,
z_eff_ss_dead,,,009040,8001A0E0,7A0,009040,8001A0E0,7A0,009040,8001A0E0,7A0,009040,8001A720,7A0,9040,8001A720,7A0,9040,8001A720,7A0,9040,8001A820,7A0,008FE0,80019EC0,7B0,8FE0,80019EC0,7B0,8FE0,80019EC0,7B0,008FE0,80019EC0,7B0,008FE0,80019EE0,7B0,008FE0,80019EE0,7B0,8FE0,80019EC0,7B0,0093D0,80026230,8D0,0093D0,80026230,8D0,93D0,80026230,8D0,008FE0,80021F80,7B0,008FE0,80021A20,7B0,
z_effect,,,97E0,8001A880,780,97E0,8001A880,780,97E0,8001A880,780,97E0,8001AEC0,780,97E0,8001AEC0,780,97E0,8001AEC0,780,97E0,8001AFC0,780,009790,8001A670,780,9790,8001A670,780,9790,8001A670,780,009790,8001A670,780,009790,8001A690,780,009790,8001A690,780,9790,8001A670,780,009CA0,80026B00,7B0,009CA0,80026B00,7B0,9CA0,80026B00,7B0,009790,80022730,780,009790,800221D0,780,
z_effect_soft_sprite,,,009F60,8001B000,AA0,009F60,8001B000,AA0,009F60,8001B000,AA0,009F60,8001B640,AA0,9F60,8001B640,AA0,9F60,8001B640,AA0,9F60,8001B740,AA0,009F10,8001ADF0,AA0,9F10,8001ADF0,AA0,9F10,8001ADF0,AA0,009F10,8001ADF0,AA0,009F10,8001AE10,AA0,009F10,8001AE10,AA0,9F10,8001ADF0,AA0,00A450,800272B0,CD0,00A450,800272B0,CD0,A450,800272B0,CD0,009F10,80022EB0,AA0,009F10,80022950,AA0,
z_effect_soft_sprite_old_init,,,00AA00,8001BAA0,2B20,00AA00,8001BAA0,2B20,00AA00,8001BAA0,2B20,00AA00,8001C0E0,2B20,AA00,8001C0E0,2B20,AA00,8001C0E0,2B20,AA00,8001C1E0,2B20,00A9B0,8001B890,2B20,A9B0,8001B890,2B20,A9B0,8001B890,2B20,00A9B0,8001B890,2B20,00A9B0,8001B8B0,2B20,00A9B0,8001B8B0,2B20,A9B0,8001B890,2B20,00B120,80027F80,2B30,00B120,80027F80,2B30,B120,80027F80,2B30,00A9B0,80023950,2B20,00A9B0,800233F0,2B20,
flg_set,,,00D520,8001E5C0,410,00D520,8001E5C0,410,00D520,8001E5C0,410,00D520,8001EC00,410,D520,8001EC00,410,D520,8001EC00,410,D520,8001ED00,410,00D4D0,8001E3B0,420,D4D0,8001E3B0,420,D4D0,8001E3B0,420,00D4D0,8001E3B0,420,00D4D0,8001E3D0,420,00D4D0,8001E3D0,420,D4D0,8001E3B0,420,00DC50,8002AAB0,450,00DC50,8002AAB0,450,DC50,8002AAB0,450,00D4D0,80026470,420,00D4D0,80025F10,420,
z_DLF,,,00D930,8001E9D0,250,00D930,8001E9D0,250,00D930,8001E9D0,250,00D930,8001F010,250,D930,8001F010,250,D930,8001F010,250,D930,8001F110,250,00D8F0,8001E7D0,250,D8F0,8001E7D0,250,D8F0,8001E7D0,250,00D8F0,8001E7D0,250,00D8F0,8001E7F0,250,00D8F0,8001E7F0,250,D8F0,8001E7D0,250,00E0A0,8002AF00,2E0,00E0A0,8002AF00,2E0,E0A0,8002AF00,2E0,00D8F0,80026890,250,00D8F0,80026330,250,
z_actor,gcc,,00DB80,8001EC20,C510,00DB80,8001EC20,C540,00DB80,8001EC20,C540,00DB80,8001F260,C520,DB80,8001F260,C540,DB80,8001F260,C520,DB80,8001F360,C540,00DB40,8001EA20,C5A0,DB40,8001EA20,C5A0,DB40,8001EA20,C5A0,00DB40,8001EA20,C5A0,00DB40,8001EA40,C580,00DB40,8001EA40,C580,DB40,8001EA20,C5A0,00E380,8002B1E0,D1E0,00E380,8002B1E0,D1E0,E380,8002B1E0,D1E0,00DB40,80026AE0,B390,00DB40,80026580,B540,
z_actor_dlftbls,,,1A090,8002B130,200,01A0C0,8002B160,200,01A0C0,8002B160,200,1A0A0,8002B780,200,1A0C0,8002B7A0,200,1A0A0,8002B780,200,1A0C0,8002B8A0,200,1A0E0,8002AFC0,150,1A0E0,8002AFC0,150,1A0E0,8002AFC0,150,01A0E0,8002AFC0,150,1A0C0,8002AFC0,150,1A0C0,8002AFC0,150,1A0E0,8002AFC0,150,01B560,800383C0,240,01B560,800383C0,240,1B560,800383C0,240,018ED0,80031E70,150,19080,80031AC0,150,
z_bgcheck,,,1A290,8002B330,9BE0,01A2C0,8002B360,9BE0,01A2C0,8002B360,9BE0,1A2A0,8002B980,9BE0,1A2C0,8002B9A0,9BE0,1A2A0,8002B980,9BE0,1A2C0,8002BAA0,9BE0,1A230,8002B110,9BE0,1A230,8002B110,9BE0,1A230,8002B110,9BE0,1A230,8002B110,9BE0,1A210,8002B110,9BE0,1A210,8002B110,9BE0,1A230,8002B110,9BE0,01B7A0,80038600,AAA0,01B7A0,80038600,AAA0,1B7A0,80038600,AAA0,19020,80031FC0,9BE0,191D0,80031C10,9BE0,
code_800430A0,,,23E70,80034F10,320,23EA0,80034F40,320,23EA0,80034F40,320,23E80,80035560,320,23EA0,80035580,320,23E80,80035560,320,23EA0,80035680,320,23E10,80034CF0,320,23E10,80034CF0,320,23E10,80034CF0,320,23E10,80034CF0,320,23DF0,80034CF0,320,23DF0,80034CF0,320,23E10,80034CF0,320,026240,800430A0,3E0,026240,800430A0,3E0,26240,800430A0,3E0,22C00,8003BBA0,320,22DB0,8003B7F0,320,
code_80043480,,,24190,80035230,390,241C0,80035260,390,241C0,80035260,390,241A0,80035880,390,241C0,800358A0,390,241A0,80035880,390,241C0,800359A0,390,24130,80035010,390,24130,80035010,390,24130,80035010,390,24130,80035010,390,24110,80035010,390,24110,80035010,390,24130,80035010,390,026620,80043480,370,026620,80043480,370,26620,80043480,370,22F20,8003BEC0,390,230D0,8003BB10,390,
z_camera,,Camera_QRegInit is gone on retail (and probably more),24520,800355C0,14820,024550,800355F0,14820,024550,800355F0,14820,24530,80035C10,14820,24550,80035C30,14820,24530,80035C10,14820,24550,80035D30,14820,244C0,800353A0,14630,244C0,800353A0,14630,244C0,800353A0,14630,244C0,800353A0,14630,244A0,800353A0,14630,244A0,800353A0,14630,244C0,800353A0,14630,026990,800437F0,17A10,026990,800437F0,17A10,26990,800437F0,17A10,232B0,8003C250,14630,23460,8003BEA0,14630,
z_collision_btltbls,,,38D40,80049DE0,60,38D70,80049E10,60,38D70,80049E10,60,38D50,8004A430,60,38D70,8004A450,60,38D50,8004A430,60,38D70,8004A550,60,38AF0,800499D0,60,38AF0,800499D0,60,38AF0,800499D0,60,38AF0,800499D0,60,38AD0,800499D0,60,38AD0,800499D0,60,38AF0,800499D0,60,03E3A0,8005B200,80,03E3A0,8005B200,80,3E3A0,8005B200,80,378E0,80050880,60,37A90,800504D0,60,
z_collision_check,,First two functions gone on retail,38DA0,80049E40,7C30,38DD0,80049E70,7C30,38DD0,80049E70,7C30,38DB0,8004A490,7C80,38DD0,8004A4B0,7C80,38DB0,8004A490,7C80,38DD0,8004A5B0,7C80,38B50,80049A30,7C80,38B50,80049A30,7C80,38B50,80049A30,7C80,38B50,80049A30,7C80,38B30,80049A30,7C80,38B30,80049A30,7C80,38B50,80049A30,7C80,03E420,8005B280,83C0,03E420,8005B280,83C0,3E420,8005B280,83C0,37940,800508E0,7C80,37AF0,80050530,7C80,
z_common_data,gcc,NTSC is originally larger: it contains language-setting code until usa_gc. iQue also has this.,409D0,80051A70,B0,040A00,80051AA0,B0,040A00,80051AA0,B0,040A30,80052110,80,40A50,80052130,B0,40A30,80052110,80,40A50,80052230,B0,0407D0,800516B0,B0,407D0,800516B0,B0,407D0,800516B0,90,0407D0,800516B0,90,407B0,800516B0,80,407B0,800516B0,80,407D0,800516B0,90,0467E0,80063640,80,0467E0,80063640,80,467E0,80063640,80,03F5C0,80058560,B0,3F770,800581B0,B0,
z_debug,,,40A80,80051B20,310,40AB0,80051B50,310,40AB0,80051B50,310,40AB0,80052190,310,40B00,800521E0,310,40AB0,80052190,310,40B00,800522E0,310,40880,80051760,310,40880,80051760,310,40860,80051740,310,40860,80051740,310,40830,80051730,310,40830,80051730,310,40860,80051740,310,046860,800636C0,7D0,046860,800636C0,7D0,46860,800636C0,7D0,3F670,80058610,310,3F820,80058260,310,
z_debug_display,,,40D90,80051E30,4B0,040DC0,80051E60,4B0,040DC0,80051E60,4B0,40DC0,800524A0,4B0,40E10,800524F0,4B0,40DC0,800524A0,4B0,40E10,800525F0,4B0,40B90,80051A70,4C0,40B90,80051A70,4C0,40B70,80051A50,4C0,40B70,80051A50,4C0,40B40,80051A40,4C0,40B40,80051A40,4C0,40B70,80051A50,4C0,047030,80063E90,560,047030,80063E90,560,47030,80063E90,560,3F980,80058920,4C0,3FB30,80058570,4C0,
z_demo,,,41240,800522E0,4D20,41270,80052310,4D20,41270,80052310,4D20,41270,80052950,4D20,412C0,800529A0,4D20,41270,80052950,4D20,412C0,80052AA0,4D20,41050,80051F30,4CE0,41050,80051F30,4CE0,41030,80051F10,4CE0,41030,80051F10,4CE0,41000,80051F00,4CE0,41000,80051F00,4CE0,41030,80051F10,4CE0,047590,800643F0,5030,047590,800643F0,5030,47590,800643F0,5030,3FE40,80058DE0,4CE0,3FFF0,80058A30,4CE0,
code_80069420,,,45F60,80057000,90,45F90,80057030,90,45F90,80057030,90,45F90,80057670,90,45FE0,800576C0,90,45F90,80057670,90,45FE0,800577C0,90,45D30,80056C10,90,45D30,80056C10,90,45D10,80056BF0,90,45D10,80056BF0,90,45CE0,80056BE0,90,45CE0,80056BE0,90,45D10,80056BF0,90,04C5C0,80069420,80,04C5C0,80069420,80,4C5C0,80069420,80,44B20,8005DAC0,90,44CD0,8005D710,90,
z_draw,,,45FF0,80057090,1E60,46020,800570C0,1E60,46020,800570C0,1E60,46020,80057700,1E60,46070,80057750,1E60,46020,80057700,1E60,46070,80057850,1E60,45DC0,80056CA0,1F00,45DC0,80056CA0,1F00,45DA0,80056C80,1F00,45DA0,80056C80,1F00,45D70,80056C70,1F00,45D70,80056C70,1F00,45DA0,80056C80,1F00,04C640,800694A0,2560,04C640,800694A0,2560,4C640,800694A0,2560,44BB0,8005DB50,1F00,44D60,8005D7A0,1F00,
z_sfx_source,,,47E50,80058EF0,1C0,047E80,80058F20,1C0,047E80,80058F20,1C0,47E80,80059560,1C0,47ED0,800595B0,1C0,47E80,80059560,1C0,47ED0,800596B0,1C0,47CC0,80058BA0,1C0,47CC0,80058BA0,1C0,47CA0,80058B80,1C0,47CA0,80058B80,1C0,47C70,80058B70,1C0,47C70,80058B70,1C0,47CA0,80058B80,1C0,04EBA0,8006BA00,1C0,04EBA0,8006BA00,1C0,4EBA0,8006BA00,1C0,46AB0,8005FA50,1C0,46C60,8005F6A0,1C0,
z_elf_message,,,48010,800590B0,6E0,048040,800590E0,6E0,048040,800590E0,6E0,48040,80059720,6E0,48090,80059770,6E0,48040,80059720,6E0,48090,80059870,6E0,47E80,80058D60,6E0,47E80,80058D60,6E0,47E60,80058D40,6E0,47E60,80058D40,6E0,47E30,80058D30,6E0,47E30,80058D30,6E0,47E60,80058D40,6E0,04ED60,8006BBC0,7A0,04ED60,8006BBC0,7A0,4ED60,8006BBC0,7A0,46C70,8005FC10,6E0,46E20,8005F860,6E0,
z_face_reaction,,,486F0,80059790,50,048720,800597C0,50,048720,800597C0,50,048720,80059E00,50,48770,80059E50,50,48720,80059E00,50,48770,80059F50,50,048560,80059440,50,48560,80059440,50,48540,80059420,50,048540,80059420,50,48510,80059410,50,48510,80059410,50,48540,80059420,50,04F500,8006C360,40,04F500,8006C360,40,4F500,8006C360,40,047350,800602F0,50,47500,8005FF40,50,
code_8006C3A0,,z_env_flags?,48740,800597E0,180,048770,80059810,180,048770,80059810,180,48770,80059E50,180,487C0,80059EA0,180,48770,80059E50,180,487C0,80059FA0,180,485B0,80059490,180,485B0,80059490,180,48590,80059470,180,48590,80059470,180,48560,80059460,180,48560,80059460,180,48590,80059470,180,04F540,8006C3A0,170,04F540,8006C3A0,170,4F540,8006C3A0,170,473A0,80060340,180,47550,8005FF90,180,
z_fcurve_data,,,488C0,80059960,240,0488F0,80059990,240,0488F0,80059990,240,488F0,80059FD0,240,48940,8005A020,240,488F0,80059FD0,240,48940,8005A120,240,48730,80059610,240,48730,80059610,240,48710,800595F0,240,48710,800595F0,240,486E0,800595E0,240,486E0,800595E0,240,48710,800595F0,240,04F6B0,8006C510,240,04F6B0,8006C510,240,4F6B0,8006C510,240,47520,800604C0,240,476D0,80060110,240,
z_fcurve_data_skelanime,,,48B00,80059BA0,7F0,048B30,80059BD0,7F0,048B30,80059BD0,7F0,48B30,8005A210,7F0,48B80,8005A260,7F0,48B30,8005A210,7F0,48B80,8005A360,7F0,48970,80059850,810,48970,80059850,810,48950,80059830,810,48950,80059830,810,48920,80059820,810,48920,80059820,810,48950,80059830,810,04F8F0,8006C750,870,04F8F0,8006C750,870,4F8F0,8006C750,870,47760,80060700,810,47910,80060350,810,
z_horse,,,492F0,8005A390,CE0,049320,8005A3C0,CE0,049320,8005A3C0,CE0,49320,8005AA00,CE0,49370,8005AA50,CE0,49320,8005AA00,CE0,49370,8005AB50,CE0,49180,8005A060,CE0,49180,8005A060,CE0,49160,8005A040,CE0,49160,8005A040,CE0,049130,8005A030,CE0,049130,8005A030,CE0,49160,8005A040,CE0,050160,8006CFC0,E70,050160,8006CFC0,E70,50160,8006CFC0,E70,47F70,80060F10,CE0,48120,80060B60,CE0,
z_jpeg,,,49FD0,8005B070,7C0,04A000,8005B0A0,7C0,04A000,8005B0A0,7C0,4A000,8005B6E0,BF0,4A050,8005B730,7C0,4A000,8005B6E0,BF0,4A050,8005B830,7C0,49E60,8005AD40,7C0,49E60,8005AD40,7C0,49E40,8005AD20,7C0,49E40,8005AD20,7C0,049E10,8005AD10,7C0,049E10,8005AD10,7C0,49E40,8005AD20,7C0,050FD0,8006DE30,C00,050FD0,8006DE30,C00,50FD0,8006DE30,C00,48C50,80061BF0,7C0,48E00,80061840,7C0,
z_kaleido_setup,,The last function has extra code on N64 (at least 1.0),4A790,8005B830,430,04A7C0,8005B860,430,04A7C0,8005B860,430,4A7C0,8005BEA0,430,4A810,8005BEF0,430,4A7C0,8005BEA0,430,4A810,8005BFF0,430,4A620,8005B500,3D0,4A620,8005B500,3D0,4A600,8005B4E0,3D0,4A600,8005B4E0,3D0,04A5D0,8005B4D0,3D0,04A5D0,8005B4D0,3D0,4A600,8005B4E0,3D0,051BD0,8006EA30,420,051BD0,8006EA30,420,51BD0,8006EA30,420,49410,800623B0,3D0,495C0,80062000,3D0,
z_kanfont,gcc,,4ABC0,8005BC60,210,04ABF0,8005BC90,210,04ABF0,8005BC90,210,4ABF0,8005C2D0,1D0,4AC40,8005C320,210,4ABF0,8005C2D0,1D0,4AC40,8005C420,210,4A9F0,8005B8D0,210,4A9F0,8005B8D0,210,4A9D0,8005B8B0,210,4A9D0,8005B8B0,210,04A9A0,8005B8A0,1D0,04A9A0,8005B8A0,1D0,4A9D0,8005B8B0,210,051FF0,8006EE50,250,051FF0,8006EE50,250,51FF0,8006EE50,250,497E0,80062780,200,49990,800623D0,200,
z_kankyo,,,4ADD0,8005BE70,7780,04AE00,8005BEA0,7790,04AE00,8005BEA0,7790,4ADC0,8005C4A0,77C0,4AE50,8005C530,77C0,4ADC0,8005C4A0,77C0,4AE50,8005C630,77C0,4AC00,8005BAE0,7810,4AC00,8005BAE0,7810,4ABE0,8005BAC0,7810,4ABE0,8005BAC0,7810,04AB70,8005BA70,7810,04AB70,8005BA70,7810,4ABE0,8005BAC0,7810,052240,8006F0A0,8740,052240,8006F0A0,8740,52240,8006F0A0,8740,499E0,80062980,7810,49B90,800625D0,7810,
z_lib,,,52550,800635F0,11A0,052590,80063630,11A0,052590,80063630,11A0,52580,80063C60,11A0,52610,80063CF0,11A0,52580,80063C60,11A0,52610,80063DF0,11A0,52410,800632F0,11A0,52410,800632F0,11A0,523F0,800632D0,11A0,0523F0,800632D0,11A0,052380,80063280,11A0,052380,80063280,11A0,523F0,800632D0,11A0,05A980,800777E0,1180,05A980,800777E0,1180,5A980,800777E0,1180,511F0,8006A190,11A0,513A0,80069DE0,11A0,
z_lifemeter,,,536F0,80064790,13A0,053730,800647D0,13A0,053730,800647D0,13A0,53720,80064E00,13A0,537B0,80064E90,13A0,53720,80064E00,13A0,537B0,80064F90,13A0,535B0,80064490,13A0,535B0,80064490,13A0,53590,80064470,13A0,53590,80064470,13A0,053520,80064420,13A0,053520,80064420,13A0,53590,80064470,13A0,05BB00,80078960,13D0,05BB00,80078960,13D0,5BB00,80078960,13D0,52390,8006B330,13A0,52540,8006AF80,13A0,
z_lights,,,54A90,80065B30,10A0,054AD0,80065B70,10A0,054AD0,80065B70,10A0,54AC0,800661A0,10A0,54B50,80066230,10A0,54AC0,800661A0,10A0,54B50,80066330,10A0,54950,80065830,10A0,54950,80065830,10A0,54930,80065810,10A0,54930,80065810,10A0,0548C0,800657C0,10A0,0548C0,800657C0,10A0,54930,80065810,10A0,05CED0,80079D30,10E0,05CED0,80079D30,10E0,5CED0,80079D30,10E0,53730,8006C6D0,10A0,538E0,8006C320,10A0,
z_malloc,,,55B30,80066BD0,1E0,055B70,80066C10,1E0,055B70,80066C10,1E0,55B60,80067240,1E0,55BF0,800672D0,1E0,55B60,80067240,1E0,55BF0,800673D0,1E0,559F0,800668D0,1E0,559F0,800668D0,1E0,559D0,800668B0,1E0,559D0,800668B0,1E0,055960,80066860,1E0,055960,80066860,1E0,559D0,800668B0,1E0,05DFB0,8007AE10,480,05DFB0,8007AE10,480,5DFB0,8007AE10,480,547D0,8006D770,1E0,54980,8006D3C0,1E0,
z_map_mark,,,55D10,80066DB0,650,055D50,80066DF0,650,055D50,80066DF0,650,55D40,80067420,650,55DD0,800674B0,650,55D40,80067420,650,55DD0,800675B0,650,55BD0,80066AB0,600,55BD0,80066AB0,600,55BB0,80066A90,600,55BB0,80066A90,600,055B40,80066A40,600,055B40,80066A40,600,55BB0,80066A90,600,05E430,8007B290,680,05E430,8007B290,680,5E430,8007B290,680,549B0,8006D950,600,54B60,8006D5A0,600,
z_moji,,,-,-,-,-,-,-,-,-,-,-,-,-,-,-,-,-,-,-,-,-,-,-,-,-,-,-,-,-,-,-,-,-,-,-,-,-,-,-,-,-,-,-,05EAB0,8007B910,550,05EAB0,8007B910,550,5EAB0,8007B910,550,-,-,-,-,-,-,
z_prenmi_buff,,z_nmi_*?,56360,80067400,C0,0563A0,80067440,C0,0563A0,80067440,C0,56390,80067A70,C0,56420,80067B00,C0,56390,80067A70,C0,56420,80067C00,C0,561D0,800670B0,C0,561D0,800670B0,C0,561B0,80067090,C0,561B0,80067090,C0,56140,80067040,C0,56140,80067040,C0,561B0,80067090,C0,05F000,8007BE60,B0,05F000,8007BE60,B0,5F000,8007BE60,B0,54FB0,8006DF50,C0,55160,8006DBA0,C0,
z_nulltask,,,56420,800674C0,80,056460,80067500,80,056460,80067500,80,56450,80067B30,80,564E0,80067BC0,80,56450,80067B30,80,564E0,80067CC0,80,56290,80067170,80,56290,80067170,80,56270,80067150,80,56270,80067150,80,56200,80067100,80,56200,80067100,80,56270,80067150,80,05F0B0,8007BF10,80,05F0B0,8007BF10,80,5F0B0,8007BF10,80,55070,8006E010,80,55220,8006DC60,80,
z_olib,,,564A0,80067540,6F0,0564E0,80067580,6F0,0564E0,80067580,6F0,564D0,80067BB0,6F0,56560,80067C40,6F0,564D0,80067BB0,6F0,56560,80067D40,6F0,56310,800671F0,6F0,56310,800671F0,6F0,562F0,800671D0,6F0,562F0,800671D0,6F0,56280,80067180,6F0,56280,80067180,6F0,562F0,800671D0,6F0,05F130,8007BF90,6F0,05F130,8007BF90,6F0,5F130,8007BF90,6F0,550F0,8006E090,6F0,552A0,8006DCE0,6F0,
z_onepointdemo,,,56B90,80067C30,4000,056BD0,80067C70,4000,056BD0,80067C70,4000,56BC0,800682A0,3FA0,56C50,80068330,3FA0,56BC0,800682A0,3FA0,56C50,80068430,3FA0,56A00,800678E0,3FA0,56A00,800678E0,3FA0,569E0,800678C0,3FA0,569E0,800678C0,3FA0,56970,80067870,3FA0,56970,80067870,3FA0,569E0,800678C0,3FA0,05F820,8007C680,4120,05F820,8007C680,4120,5F820,8007C680,4120,557E0,8006E780,3FA0,55990,8006E3D0,3FA0,
z_map_exp,,,5AB90,8006BC30,1C50,05ABD0,8006BC70,1C70,05ABD0,8006BC70,1C70,5AB60,8006C240,1C70,5ABF0,8006C2D0,1C70,5AB60,8006C240,1C70,5ABF0,8006C3D0,1C70,5A9A0,8006B880,1BA0,5A9A0,8006B880,1BA0,5A980,8006B860,1BA0,5A980,8006B860,1BA0,5A910,8006B810,1BA0,5A910,8006B810,1BA0,5A980,8006B860,1BA0,063940,800807A0,1E40,063940,800807A0,1E40,63940,800807A0,1E40,59780,80072720,1BA0,59930,80072370,1BA0,
z_parameter,gcc,,5C7E0,8006D880,B5C0,05C840,8006D8E0,B6A0,5C840,8006D8E0,B6A0,5C7D0,8006DEB0,B6E0,5C860,8006DF40,B6D0,5C7D0,8006DEB0,B6E0,5C860,8006E040,B6E0,5C540,8006D420,B6D0,5C540,8006D420,B6D0,5C520,8006D400,B6D0,05C520,8006D400,B6D0,5C4B0,8006D3B0,B6F0,5C4B0,8006D3B0,B6F0,5C520,8006D400,B6D0,065780,800825E0,BF00,065780,800825E0,BF00,65780,800825E0,BF00,5B320,800742C0,AD60,5B4D0,80073F10,AD60,
z_path,,,67DA0,80078E40,1D0,067EE0,80078F80,1D0,67EE0,80078F80,1D0,67EB0,80079590,1D0,67F30,80079610,1D0,67EB0,80079590,1D0,67F40,80079720,1D0,67C10,80078AF0,1D0,67C10,80078AF0,1D0,67BF0,80078AD0,1D0,067BF0,80078AD0,1D0,67BA0,80078AA0,1D0,67BA0,80078AA0,1D0,67BF0,80078AD0,1D0,071680,8008E4E0,1C0,071680,8008E4E0,1C0,71680,8008E4E0,1C0,66080,8007F020,1D0,66230,8007EC70,1D0,
z_frame_advance,,Real name z_pause?,67F70,80079010,B0,0680B0,80079150,B0,680B0,80079150,B0,68080,80079760,B0,68100,800797E0,B0,68080,80079760,B0,68110,800798F0,B0,67DE0,80078CC0,B0,67DE0,80078CC0,B0,67DC0,80078CA0,B0,67DC0,80078CA0,B0,67D70,80078C70,B0,67D70,80078C70,B0,67DC0,80078CA0,B0,071840,8008E6A0,B0,071840,8008E6A0,B0,71840,8008E6A0,B0,66250,8007F1F0,B0,66400,8007EE40,B0,
z_player_lib,,,68020,800790C0,3A30,068160,80079200,3A30,68160,80079200,3A30,68130,80079810,3A30,681B0,80079890,3A30,68130,80079810,3A30,681C0,800799A0,3A30,67E90,80078D70,3A70,67E90,80078D70,3A70,67E70,80078D50,3A70,67E70,80078D50,3A70,67E20,80078D20,3A70,67E20,80078D20,3A70,67E70,80078D50,3A70,0718F0,8008E750,3BD0,0718F0,8008E750,3BD0,718F0,8008E750,3BD0,66300,8007F2A0,3A70,664B0,8007EEF0,3A70,
z_prenmi,,,6BA50,8007CAF0,1A0,06BB90,8007CC30,1A0,6BB90,8007CC30,1A0,6BB60,8007D240,1A0,6BBE0,8007D2C0,1A0,6BB60,8007D240,1A0,6BBF0,8007D3D0,1A0,6B900,8007C7E0,1A0,6B900,8007C7E0,1A0,6B8E0,8007C7C0,1A0,6B8E0,8007C7C0,1A0,6B890,8007C790,1A0,6B890,8007C790,1A0,6B8E0,8007C7C0,1A0,0754C0,80092320,1E0,0754C0,80092320,1E0,754C0,80092320,1E0,69D70,80082D10,1A0,69F20,80082960,1A0,
z_quake,,,6BBF0,8007CC90,E70,06BD30,8007CDD0,E70,6BD30,8007CDD0,E70,6BD00,8007D3E0,E70,6BD80,8007D460,E70,6BD00,8007D3E0,E70,6BD90,8007D570,E70,6BAA0,8007C980,E70,6BAA0,8007C980,E70,6BA80,8007C960,E70,6BA80,8007C960,E70,6BA30,8007C930,E70,6BA30,8007C930,E70,6BA80,8007C960,E70,0756A0,80092500,E70,0756A0,80092500,E70,756A0,80092500,E70,69F10,80082EB0,E70,6A0C0,80082B00,E70,
z_rcp,,,6CA60,8007DB00,1900,06CBA0,8007DC40,1900,6CBA0,8007DC40,1900,6CB70,8007E250,1900,6CBF0,8007E2D0,1900,6CB70,8007E250,1900,6CC00,8007E3E0,1900,6C910,8007D7F0,18C0,6C910,8007D7F0,18C0,6C8F0,8007D7D0,18C0,6C8F0,8007D7D0,18C0,6C8A0,8007D7A0,18C0,6C8A0,8007D7A0,18C0,6C8F0,8007D7D0,18C0,076510,80093370,2730,076510,80093370,2730,76510,80093370,2730,6AD80,80083D20,18C0,6AF30,80083970,18C0,
z_room,,,6E360,8007F400,17F0,06E4A0,8007F540,17F0,6E4A0,8007F540,17F0,6E470,8007FB50,1790,6E4F0,8007FBD0,1790,6E470,8007FB50,1790,6E500,8007FCE0,1790,6E1D0,8007F0B0,17F0,6E1D0,8007F0B0,17F0,6E1B0,8007F090,17F0,6E1B0,8007F090,17F0,6E160,8007F060,17F0,6E160,8007F060,17F0,6E1B0,8007F090,17F0,078C40,80095AA0,1B30,078C40,80095AA0,1B30,78C40,80095AA0,1B30,6C640,800855E0,17F0,6C7F0,80085230,17F0,
z_sample,,,6FB50,80080BF0,400,06FC90,80080D30,400,6FC90,80080D30,400,6FC00,800812E0,400,6FC80,80081360,400,6FC00,800812E0,400,6FC90,80081470,400,6F9C0,800808A0,400,6F9C0,800808A0,400,6F9A0,80080880,400,6F9A0,80080880,400,6F950,80080850,400,6F950,80080850,400,6F9A0,80080880,400,07A770,800975D0,430,07A770,800975D0,430,7A770,800975D0,430,6DE30,80086DD0,400,6DFE0,80086A20,400,
code_80097A00,,,6FF50,80080FF0,1C0,070090,80081130,1C0,70090,80081130,1C0,70000,800816E0,1C0,70080,80081760,1C0,70000,800816E0,1C0,70090,80081870,1C0,6FDC0,80080CA0,1C0,6FDC0,80080CA0,1C0,6FDA0,80080C80,1C0,6FDA0,80080C80,1C0,6FD50,80080C50,1C0,6FD50,80080C50,1C0,6FDA0,80080C80,1C0,07ABA0,80097A00,200,07ABA0,80097A00,200,7ABA0,80097A00,200,6E230,800871D0,1C0,6E3E0,80086E20,1C0,
z_scene,,File boundaries suggest entrance table and Scene_SetTransitionForNextEntrance should be in z_scene.,70110,800811B0,1490,070250,800812F0,14A0,70250,800812F0,14A0,701C0,800818A0,14B0,70240,80081920,14B0,701C0,800818A0,14B0,70250,80081A30,14B0,6FF80,80080E60,14B0,6FF80,80080E60,14B0,6FF60,80080E40,14B0,06FF60,80080E40,14B0,6FF10,80080E10,14B0,6FF10,80080E10,14B0,6FF60,80080E40,14B0,07ADA0,80097C00,18A0,07ADA0,80097C00,18A0,7ADA0,80097C00,18A0,6E3F0,80087390,14B0,6E5A0,80086FE0,14B0,
z_scene_table,,,715A0,80082640,6660,716F0,80082790,6660,716F0,80082790,6660,71670,80082D50,6670,716F0,80082DD0,6670,71670,80082D50,6670,71700,80082EE0,6670,71430,80082310,6800,71430,80082310,67E0,71410,800822F0,6800,71410,800822F0,67E0,713C0,800822C0,6800,713C0,800822C0,67E0,71410,800822F0,6800,07C640,800994A0,7420,07C640,800994A0,7420,7C640,800994A0,7400,6F8A0,80088840,6800,6FA50,80088490,6800,
z_skelanime,,AnimationContext_SetLoadFrame does not use segment 7 on iQue,77C00,80088CA0,4980,077D50,80088DF0,4980,77D50,80088DF0,4980,77CE0,800893C0,4980,77D60,80089440,4980,77CE0,800893C0,4980,77D70,80089550,4980,77C30,80088B10,49F0,77C10,80088AF0,49F0,77C10,80088AF0,49F0,077BF0,80088AD0,49F0,77BC0,80088AC0,49F0,077BA0,80088AA0,49F0,77C10,80088AF0,49F0,83A60,800A08C0,4F20,83A60,800A08C0,4F20,83A40,800A08A0,4F20,760A0,8008F040,49F0,76250,8008EC90,49F0,
z_skin,,,7C580,8008D620,BA0,07C6D0,8008D770,BA0,7C6D0,8008D770,BA0,7C660,8008DD40,BA0,7C6E0,8008DDC0,BA0,7C660,8008DD40,BA0,7C6F0,8008DED0,BA0,7C620,8008D500,BA0,7C600,8008D4E0,BA0,7C600,8008D4E0,BA0,7C5E0,8008D4C0,BA0,7C5B0,8008D4B0,BA0,07C590,8008D490,BA0,7C600,8008D4E0,BA0,88980,800A57E0,CA0,88980,800A57E0,CA0,88960,800A57C0,CA0,7AA90,80093A30,BA0,7AC40,80093680,BA0,
z_skin_awb,,,7D120,8008E1C0,910,07D270,8008E310,910,7D270,8008E310,910,7D200,8008E8E0,910,7D280,8008E960,910,7D200,8008E8E0,910,7D290,8008EA70,910,7D1C0,8008E0A0,910,7D1A0,8008E080,910,7D1A0,8008E080,910,7D180,8008E060,910,7D150,8008E050,910,07D130,8008E030,910,7D1A0,8008E080,910,89620,800A6480,9B0,89620,800A6480,9B0,89600,800A6460,9B0,7B630,800945D0,910,7B7E0,80094220,910,
z_skin_matrix,,,7DA30,8008EAD0,13A0,07DB80,8008EC20,13A0,7DB80,8008EC20,13A0,7DB10,8008F1F0,13A0,7DB90,8008F270,13A0,7DB10,8008F1F0,13A0,7DBA0,8008F380,13A0,7DAD0,8008E9B0,13A0,7DAB0,8008E990,13A0,7DAB0,8008E990,13A0,7DA90,8008E970,13A0,7DA60,8008E960,13A0,07DA40,8008E940,13A0,7DAB0,8008E990,13A0,89FD0,800A6E30,1390,89FD0,800A6E30,1390,89FB0,800A6E10,1390,7BF40,80094EE0,13A0,7C0F0,80094B30,13A0,
z_sram,gcc,,7EDD0,8008FE70,1350,07EF20,8008FFC0,1350,7EF20,8008FFC0,1360,7EEB0,80090590,1420,7EF30,80090610,1340,7EEB0,80090590,1420,7EF40,80090720,1340,7EE70,8008FD50,1340,7EE50,8008FD30,1340,7EE50,8008FD30,1340,7EE30,8008FD10,1340,7EE00,8008FD00,1440,07EDE0,8008FCE0,1440,7EE50,8008FD30,1340,8B360,800A81C0,1BA0,8B360,800A81C0,1BA0,8B340,800A81A0,1BA0,7D2E0,80096280,13B0,7D490,80095ED0,13B0,
z_ss_sram,,,80120,800911C0,1D0,080270,80091310,1D0,80280,80091320,1D0,802D0,800919B0,1D0,80270,80091950,1D0,802D0,800919B0,1D0,80280,80091A60,220,801B0,80091090,1D0,80190,80091070,1D0,80190,80091070,1D0,080170,80091050,1D0,80240,80091140,1D0,080220,80091120,1D0,80190,80091070,1D0,8CF00,800A9D60,1F0,8CF00,800A9D60,1F0,8CEE0,800A9D40,1F0,7E690,80097630,1D0,7E840,80097280,1D0,
z_rumble,,,802F0,80091390,2A0,80440,800914E0,2A0,80450,800914F0,2A0,804A0,80091B80,2A0,80440,80091B20,2A0,804A0,80091B80,2A0,804A0,80091C80,2A0,80380,80091260,280,80360,80091240,280,80360,80091240,280,80340,80091220,280,80410,80091310,280,0803F0,800912F0,280,80360,80091240,280,8D0F0,800A9F50,260,8D0F0,800A9F50,260,8D0D0,800A9F30,260,7E860,80097800,280,7EA10,80097450,280,
z_view,,Last function is gone on retail,80590,80091630,1730,806E0,80091780,1730,806F0,80091790,1730,80740,80091E20,1730,806E0,80091DC0,1730,80740,80091E20,1730,80740,80091F20,1730,80600,800914E0,1700,805E0,800914C0,1700,805E0,800914C0,1700,805C0,800914A0,1700,80690,80091590,1700,080670,80091570,1700,805E0,800914C0,1700,8D350,800AA1B0,1EA0,8D350,800AA1B0,1EA0,8D330,800AA190,1EA0,7EAE0,80097A80,1700,7EC90,800976D0,1700,
z_vimode,,First function is stubbed on retail,81CC0,80092D60,AC0,081E10,80092EB0,AC0,81E20,80092EC0,AC0,81E70,80093550,B70,81E10,800934F0,B70,81E70,80093550,B70,81E70,80093650,B70,81D00,80092BE0,B70,81CE0,80092BC0,B70,81CE0,80092BC0,B70,81CC0,80092BA0,B70,81D90,80092C90,B70,081D70,80092C70,B70,81CE0,80092BC0,B70,8F1F0,800AC050,E40,8F1F0,800AC050,E40,8F1D0,800AC030,E40,801E0,80099180,B70,80390,80098DD0,B70,
z_viscvg,,,82780,80093820,1A0,0828D0,80093970,1A0,828E0,80093980,1A0,829E0,800940C0,1A0,82980,80094060,1A0,829E0,800940C0,1A0,829E0,800941C0,1A0,82870,80093750,1A0,82850,80093730,1A0,82850,80093730,1A0,82830,80093710,1A0,82900,80093800,1A0,0828E0,800937E0,1A0,82850,80093730,1A0,90030,800ACE90,190,90030,800ACE90,190,90010,800ACE70,190,80D50,80099CF0,1A0,80F00,80099940,1A0,
z_vismono,,,82920,800939C0,860,082A70,80093B10,860,82A80,80093B20,860,82B80,80094260,860,82B20,80094200,860,82B80,80094260,860,82B80,80094360,860,82A10,800938F0,820,829F0,800938D0,820,829F0,800938D0,820,829D0,800938B0,820,82AA0,800939A0,820,082A80,80093980,820,829F0,800938D0,820,901C0,800AD020,920,901C0,800AD020,920,901A0,800AD000,920,80EF0,80099E90,820,810A0,80099AE0,820,
z_viszbuf,,,83180,80094220,2F0,832D0,80094370,2F0,832E0,80094380,2F0,833E0,80094AC0,2F0,83380,80094A60,2F0,833E0,80094AC0,2F0,833E0,80094BC0,2F0,83230,80094110,290,83210,800940F0,290,83210,800940F0,290,831F0,800940D0,290,832C0,800941C0,290,0832A0,800941A0,290,83210,800940F0,290,90AE0,800AD940,290,90AE0,800AD940,290,90AC0,800AD920,290,81710,8009A6B0,290,818C0,8009A300,290,
z_vr_box,,,83470,80094510,28F0,0835C0,80094660,28F0,835D0,80094670,28F0,836D0,80094DB0,28F0,83670,80094D50,28F0,836D0,80094DB0,28F0,836D0,80094EB0,28F0,834C0,800943A0,28D0,834A0,80094380,28D0,834A0,80094380,28D0,83480,80094360,28D0,83550,80094450,28D0,083530,80094430,28D0,834A0,80094380,28D0,90D70,800ADBD0,3480,90D70,800ADBD0,3480,90D50,800ADBB0,3480,819A0,8009A940,28D0,81B50,8009A590,28D0,
z_vr_box_draw,,,85D60,80096E00,700,085EB0,80096F50,700,85EC0,80096F60,700,85FC0,800976A0,700,85F60,80097640,700,85FC0,800976A0,700,85FC0,800977A0,700,85D90,80096C70,6E0,85D70,80096C50,6E0,85D70,80096C50,6E0,85D50,80096C30,6E0,85E20,80096D20,6E0,085E00,80096D00,6E0,85D70,80096C50,6E0,941F0,800B1050,720,941F0,800B1050,720,941D0,800B1030,720,84270,8009D210,6E0,84420,8009CE60,6E0,
z_player_call,,,86460,80097500,170,0865B0,80097650,170,865C0,80097660,170,866C0,80097DA0,170,86660,80097D40,170,866C0,80097DA0,170,866C0,80097EA0,170,86470,80097350,170,86450,80097330,170,86450,80097330,170,86430,80097310,170,86500,80097400,170,0864E0,800973E0,170,86450,80097330,170,94910,800B1770,160,94910,800B1770,160,948F0,800B1750,160,84950,8009D8F0,170,84B00,8009D540,170,
z_fbdemo,,,865D0,80097670,A20,086720,800977C0,A20,86730,800977D0,A20,86830,80097F10,A20,867D0,80097EB0,A20,86830,80097F10,A20,86830,80098010,A20,865E0,800974C0,A20,865C0,800974A0,A20,865C0,800974A0,A20,865A0,80097480,A20,86670,80097570,A20,086650,80097550,A20,865C0,800974A0,A20,94A70,800B18D0,B50,94A70,800B18D0,B50,94A50,800B18B0,B50,84AC0,8009DA60,A20,84C70,8009D6B0,A20,
z_fbdemo_triforce,,,86FF0,80098090,5B0,087140,800981E0,5B0,87150,800981F0,5B0,87250,80098930,5B0,871F0,800988D0,5B0,87250,80098930,5B0,87250,80098A30,5B0,87000,80097EE0,5C0,86FE0,80097EC0,5C0,86FE0,80097EC0,5C0,86FC0,80097EA0,5C0,87090,80097F90,5C0,087070,80097F70,5C0,86FE0,80097EC0,5C0,955C0,800B2420,5D0,955C0,800B2420,5D0,955A0,800B2400,5D0,854E0,8009E480,5C0,85690,8009E0D0,5C0,
z_fbdemo_wipe1,,,875A0,80098640,470,0876F0,80098790,470,87700,800987A0,470,87800,80098EE0,470,877A0,80098E80,470,87800,80098EE0,470,87800,80098FE0,470,875C0,800984A0,470,875A0,80098480,470,875A0,80098480,470,87580,80098460,470,87650,80098550,470,087630,80098530,470,875A0,80098480,470,95B90,800B29F0,460,95B90,800B29F0,460,95B70,800B29D0,460,85AA0,8009EA40,470,85C50,8009E690,470,
z_fbdemo_circle,,,87A10,80098AB0,6C0,087B60,80098C00,6C0,87B70,80098C10,6C0,87C70,80099350,6C0,87C10,800992F0,6C0,87C70,80099350,6C0,87C70,80099450,6C0,87A30,80098910,6C0,87A10,800988F0,6C0,87A10,800988F0,6C0,879F0,800988D0,6C0,87AC0,800989C0,6C0,087AA0,800989A0,6C0,87A10,800988F0,6C0,95FF0,800B2E50,6B0,95FF0,800B2E50,6B0,95FD0,800B2E30,6B0,85F10,8009EEB0,6C0,860C0,8009EB00,6C0,
z_fbdemo_fade,,,880D0,80099170,360,088220,800992C0,360,88230,800992D0,360,88330,80099A10,360,882D0,800999B0,360,88330,80099A10,360,88330,80099B10,360,880F0,80098FD0,360,880D0,80098FB0,360,880D0,80098FB0,360,880B0,80098F90,360,88180,80099080,360,088160,80099060,360,880D0,80098FB0,360,966A0,800B3500,360,966A0,800B3500,360,96680,800B34E0,360,865D0,8009F570,360,86780,8009F1C0,360,
shrink_window,,,88430,800994D0,170,088580,80099620,170,88590,80099630,170,88690,80099D70,170,88630,80099D10,170,88690,80099D70,170,88690,80099E70,170,88450,80099330,170,88430,80099310,170,88430,80099310,170,88410,800992F0,170,884E0,800993E0,170,0884C0,800993C0,170,88430,80099310,170,96A00,800B3860,310,96A00,800B3860,310,969E0,800B3840,310,86930,8009F8D0,170,86AE0,8009F520,170,
db_camera,,,-,-,-,-,-,-,-,-,-,-,-,-,-,-,-,-,-,-,-,-,-,-,-,-,-,-,-,-,-,-,-,-,-,-,-,-,-,-,-,-,-,-,96D10,800B3B70,7550,96D10,800B3B70,7550,96CF0,800B3B50,7550,-,-,-,-,-,-,
code_800BB0A0,,,885A0,80099640,4D0,0886F0,80099790,4D0,88700,800997A0,4D0,88800,80099EE0,4D0,887A0,80099E80,4D0,88800,80099EE0,4D0,88800,80099FE0,4D0,885C0,800994A0,4D0,885A0,80099480,4D0,885A0,80099480,4D0,88580,80099460,4D0,88650,80099550,4D0,088630,80099530,4D0,885A0,80099480,4D0,9E260,800BB0C0,4D0,9E260,800BB0C0,4D0,9E240,800BB0A0,4D0,86AA0,8009FA40,4D0,86C50,8009F690,4D0,
mempak,,,-,-,-,-,-,-,-,-,-,-,-,-,-,-,-,-,-,-,-,-,-,-,-,-,-,-,-,-,-,-,-,-,-,-,-,-,-,-,-,-,-,-,9E730,800BB590,720,9E730,800BB590,720,9E710,800BB570,720,-,-,-,-,-,-,
z_kaleido_manager,,,88A70,80099B10,230,088BC0,80099C60,230,88BD0,80099C70,230,88CD0,8009A3B0,230,88C70,8009A350,230,88CD0,8009A3B0,230,88CD0,8009A4B0,230,88A90,80099970,230,88A70,80099950,230,88A70,80099950,230,88A50,80099930,230,88B20,80099A20,230,088B00,80099A00,230,88A70,80099950,230,9EE50,800BBCB0,330,9EE50,800BBCB0,330,9EE30,800BBC90,330,86F70,8009FF10,230,87120,8009FB60,230,
z_kaleido_scope_call,,,88CA0,80099D40,2E0,088DF0,80099E90,2E0,88E00,80099EA0,2E0,88F00,8009A5E0,2E0,88EA0,8009A580,2E0,88F00,8009A5E0,2E0,88F00,8009A6E0,2E0,88CC0,80099BA0,2E0,88CA0,80099B80,2E0,88CA0,80099B80,2E0,88C80,80099B60,2E0,88D50,80099C50,2E0,088D30,80099C30,2E0,88CA0,80099B80,2E0,9F180,800BBFE0,490,9F180,800BBFE0,490,9F160,800BBFC0,490,871A0,800A0140,2E0,87350,8009FD90,2E0,
z_play,,,88F80,8009A020,3B30,0890D0,8009A170,3B30,890E0,8009A180,3B30,891E0,8009A8C0,3B30,89180,8009A860,3B30,891E0,8009A8C0,3B70,891E0,8009A9C0,3B70,88FA0,80099E80,3A60,88F80,80099E60,3A60,88F80,80099E60,3A60,88F60,80099E40,3A60,89030,80099F30,3A60,089010,80099F10,3A60,88F80,80099E60,3A60,9F610,800BC470,4A20,9F610,800BC470,4A20,9F5F0,800BC450,4A20,87480,800A0420,3A20,87630,800A0070,3A20,
PreRender,,,8CAB0,8009DB50,2220,8CC00,8009DCA0,2220,8CC10,8009DCB0,2220,8CD10,8009E3F0,2220,8CCB0,8009E390,2220,8CD50,8009E430,2220,8CD50,8009E530,2220,8CA00,8009D8E0,20F0,8C9E0,8009D8C0,20F0,8C9E0,8009D8C0,20F0,8C9C0,8009D8A0,20F0,8CA90,8009D990,20F0,08CA70,8009D970,20F0,8C9E0,8009D8C0,20F0,A4030,800C0E90,2A10,A4030,800C0E90,2A10,A4010,800C0E70,2A10,8AEA0,800A3E40,20F0,8B050,800A3A90,20F0,
TwoHeadGfxArena,,,8ECD0,8009FD70,210,8EE20,8009FEC0,210,8EE30,8009FED0,210,8EF30,800A0610,210,8EED0,800A05B0,210,8EF70,800A0650,210,8EF70,800A0750,210,8EAF0,8009F9D0,210,8EAD0,8009F9B0,210,8EAD0,8009F9B0,210,8EAB0,8009F990,210,8EB80,8009FA80,210,08EB60,8009FA60,210,8EAD0,8009F9B0,210,A6A40,800C38A0,3A0,A6A40,800C38A0,3A0,A6A20,800C3880,200,8CF90,800A5F30,210,8D140,800A5B80,210,
TwoHeadArena,,,8EEE0,8009FF80,1C0,8F030,800A00D0,1C0,8F040,800A00E0,1C0,8F140,800A0820,1C0,8F0E0,800A07C0,1C0,8F180,800A0860,1C0,8F180,800A0960,1C0,8ED00,8009FBE0,1C0,8ECE0,8009FBC0,1C0,8ECE0,8009FBC0,1C0,8ECC0,8009FBA0,1C0,8ED90,8009FC90,1C0,8ED70,8009FC70,1C0,8ECE0,8009FBC0,1C0,,,,,,,A6C20,800C3A80,1A0,8D1A0,800A6140,1C0,8D350,800A5D90,1C0,
audio_stop_all_sfx,,,8F0A0,800A0140,50,8F1F0,800A0290,50,8F200,800A02A0,50,8F300,800A09E0,50,8F2A0,800A0980,50,8F340,800A0A20,50,8F340,800A0B20,50,8EEC0,8009FDA0,50,8EEA0,8009FD80,50,8EEA0,8009FD80,50,8EE80,8009FD60,50,8EF50,8009FE50,50,08EF30,8009FE30,50,8EEA0,8009FD80,50,A6DE0,800C3C40,60,A6DE0,800C3C40,60,A6DC0,800C3C20,60,8D360,800A6300,50,8D510,800A5F50,50,
audio_thread_manager,,,8F0F0,800A0190,420,08F240,800A02E0,420,8F250,800A02F0,420,8F350,800A0A30,420,8F2F0,800A09D0,420,8F390,800A0A70,420,8F390,800A0B70,410,8EF10,8009FDF0,410,8EEF0,8009FDD0,410,8EEF0,8009FDD0,410,8EED0,8009FDB0,410,8EFA0,8009FEA0,410,08EF80,8009FE80,410,8EEF0,8009FDD0,410,A6E40,800C3CA0,430,A6E40,800C3CA0,430,A6E20,800C3C80,430,8D3B0,800A6350,410,8D560,800A5FA0,410,
title_setup,,,8F510,800A05B0,70,08F660,800A0700,70,08F670,800A0710,70,8F770,800A0E50,70,8F710,800A0DF0,70,8F7B0,800A0E90,70,8F7A0,800A0F80,70,8F320,800A0200,70,8F300,800A01E0,70,8F300,800A01E0,70,08F2E0,800A01C0,70,8F3B0,800A02B0,70,08F390,800A0290,70,8F300,800A01E0,70,A7270,800C40D0,80,A7270,800C40D0,80,A7250,800C40B0,80,08D7C0,800A6760,70,8D970,800A63B0,70,
game,,,8F580,800A0620,880,08F6D0,800A0770,880,8F6E0,800A0780,880,8F7E0,800A0EC0,840,8F780,800A0E60,840,8F820,800A0F00,840,8F810,800A0FF0,840,8F390,800A0270,780,8F370,800A0250,780,8F370,800A0250,780,8F350,800A0230,780,8F420,800A0320,780,08F400,800A0300,780,8F370,800A0250,780,A72F0,800C4150,14A0,A72F0,800C4150,14A0,A72D0,800C4130,14A0,8D830,800A67D0,780,8D9E0,800A6420,780,
gamealloc,,,8FE00,800A0EA0,140,08FF50,800A0FF0,140,8FF60,800A1000,140,90020,800A1700,140,8FFC0,800A16A0,140,90060,800A1740,140,90050,800A1830,140,8FB10,800A09F0,140,8FAF0,800A09D0,140,8FAF0,800A09D0,140,8FAD0,800A09B0,140,8FBA0,800A0AA0,140,08FB80,800A0A80,140,8FAF0,800A09D0,140,A8790,800C55F0,280,A8790,800C55F0,280,A8770,800C55D0,280,8DFB0,800A6F50,140,8E160,800A6BA0,140,
graph,,,8FF40,800A0FE0,970,090090,800A1130,970,900A0,800A1140,970,90160,800A1840,9A0,90100,800A17E0,9A0,901A0,800A1880,9A0,90190,800A1970,A90,8FC50,800A0B30,9A0,8FC30,800A0B10,9A0,8FC30,800A0B10,9A0,8FC10,800A0AF0,9A0,8FCE0,800A0BE0,9A0,08FCC0,800A0BC0,9A0,8FC30,800A0B10,9A0,A8A10,800C5870,1420,A8A10,800C5870,1420,A89F0,800C5850,1420,8E0F0,800A7090,9A0,8E2A0,800A6CE0,9A0,
gfxalloc,,"currently last 3 functions in graph, but must be a new file",908B0,800A1950,60,90A00,800A1AA0,60,90A10,800A1AB0,60,90B00,800A21E0,60,90AA0,800A2180,60,90B40,800A2220,60,90C20,800A2400,60,905F0,800A14D0,60,905D0,800A14B0,60,905D0,800A14B0,60,905B0,800A1490,60,90680,800A1580,60,090660,800A1560,60,905D0,800A14B0,60,,,,,,,,,,8EA90,800A7A30,60,8EC40,800A7680,60,
listalloc,,,90910,800A19B0,150,90A60,800A1B00,150,90A70,800A1B10,150,90B60,800A2240,150,90B00,800A21E0,150,90BA0,800A2280,150,90C80,800A2460,150,90650,800A1530,150,90630,800A1510,150,90630,800A1510,150,90610,800A14F0,150,906E0,800A15E0,150,0906C0,800A15C0,150,90630,800A1510,150,A9E30,800C6C90,160,A9E30,800C6C90,160,A9E10,800C6C70,160,8EAF0,800A7A90,150,8ECA0,800A76E0,150,
main,,Main_LogSystemHeap gone in retail,90A60,800A1B00,3B0,090BB0,800A1C50,3B0,90BC0,800A1C60,3B0,90CB0,800A2390,3B0,90C50,800A2330,3B0,90CF0,800A23D0,3B0,90DD0,800A25B0,3B0,907A0,800A1680,360,90780,800A1660,360,90780,800A1660,360,090760,800A1640,360,90830,800A1730,360,090810,800A1710,360,90780,800A1660,360,A9F90,800C6DF0,480,A9F90,800C6DF0,480,A9F70,800C6DD0,480,8EC40,800A7BE0,360,8EDF0,800A7830,360,
padmgr,,,90E10,800A1EB0,,090F60,800A2000,B10,90F70,800A2010,B10,91060,800A2740,B10,91000,800A26E0,B10,910A0,800A2780,B10,91180,800A2960,7B0,90B00,800A19E0,B00,90AE0,800A19C0,B00,90AE0,800A19C0,B00,90AC0,800A19A0,B00,90B90,800A1A90,B00,090B70,800A1A70,B00,90AE0,800A19C0,B00,AA410,800C7270,1050,AA410,800C7270,1050,AA3F0,800C7250,1050,8EFA0,800A7F40,B00,8F150,800A7B90,B10,
[PADDING],,,-,-,-,91A70,800A2B10,10,-,-,-,91B70,800A3250,10,91B10,800A31F0,10,91BB0,800A3290,10,91930,800A3110,10,-,-,-,-,-,-,-,-,-,-,-,-,91690,800A2590,10,091670,800A2570,10,-,-,-,-,-,-,-,-,-,-,-,-,-,-,-,-,-,-,
sched,,,91920,800A29C0,D90,091A80,800A2B20,D90,91A80,800A2B20,D90,91B80,800A3260,C80,91B20,800A3200,C80,91BC0,800A32A0,C80,91940,800A3120,C80,91600,800A24E0,C80,915E0,800A24C0,C80,915E0,800A24C0,C80,0915C0,800A24A0,C80,916A0,800A25A0,C80,091680,800A2580,C80,915E0,800A24C0,C80,AB460,800C82C0,16A0,AB460,800C82C0,16A0,AB440,800C82A0,16A0,8FAA0,800A8A40,C80,8FC60,800A86A0,C80,
speed_meter,,,926B0,800A3750,A40,092810,800A38B0,A40,92810,800A38B0,A40,92800,800A3EE0,A40,927A0,800A3E80,A40,92840,800A3F20,A40,925C0,800A3DA0,A40,92280,800A3160,A40,92260,800A3140,A40,92260,800A3140,A40,92240,800A3120,A40,92320,800A3220,A40,092300,800A3200,A40,92260,800A3140,A40,ACB00,800C9960,A60,ACB00,800C9960,A60,ACAE0,800C9940,A60,90720,800A96C0,A40,908E0,800A9320,A40,
sys_cfb,,,930F0,800A4190,120,93250,800A42F0,120,93250,800A42F0,120,93240,800A4920,120,931E0,800A48C0,120,93280,800A4960,120,93000,800A47E0,120,92CC0,800A3BA0,120,92CA0,800A3B80,120,92CA0,800A3B80,120,92C80,800A3B60,120,92D60,800A3C60,120,092D40,800A3C40,120,92CA0,800A3B80,120,AD560,800CA3C0,1A0,AD560,800CA3C0,1A0,AD540,800CA3A0,1A0,91160,800AA100,120,91320,800A9D60,120,
sys_math,,,93210,800A42B0,2A0,93370,800A4410,2A0,93370,800A4410,2A0,93360,800A4A40,2A0,93300,800A49E0,2A0,933A0,800A4A80,2A0,93120,800A4900,2A0,92DE0,800A3CC0,2A0,92DC0,800A3CA0,2A0,92DC0,800A3CA0,2A0,092DA0,800A3C80,2A0,92E80,800A3D80,2A0,092E60,800A3D60,2A0,92DC0,800A3CA0,2A0,AD700,800CA560,290,AD700,800CA560,290,AD6E0,800CA540,290,91280,800AA220,2A0,91440,800A9E80,2A0,
sys_math3d,,,934B0,800A4550,5DD0,93610,800A46B0,5DD0,93610,800A46B0,5DD0,93600,800A4CE0,5DD0,935A0,800A4C80,5DD0,93640,800A4D20,5DD0,933C0,800A4BA0,5DD0,93080,800A3F60,5DD0,93060,800A3F40,5DD0,93060,800A3F40,5DD0,93040,800A3F20,5DD0,93120,800A4020,5DD0,093100,800A4000,5DD0,93060,800A3F40,5DD0,AD990,800CA7F0,5E20,AD990,800CA7F0,5E20,AD970,800CA7D0,5E20,91520,800AA4C0,5DD0,916E0,800AA120,5DD0,
sys_math_atan,,,99280,800AA320,230,0993E0,800AA480,230,0993E0,800AA480,230,993D0,800AAAB0,230,99370,800AAA50,230,99410,800AAAF0,230,99190,800AA970,230,98E50,800A9D30,230,98E30,800A9D10,230,98E30,800A9D10,230,098E10,800A9CF0,230,98EF0,800A9DF0,230,098ED0,800A9DD0,230,98E30,800A9D10,230,B37B0,800D0610,220,B37B0,800D0610,220,B3790,800D05F0,220,0972F0,800B0290,230,974B0,800AFEF0,230,
sys_matrix,,,994B0,800AA550,2400,099610,800AA6B0,2400,099610,800AA6B0,2400,99600,800AACE0,2400,995A0,800AAC80,2400,99640,800AAD20,2400,993C0,800AABA0,2400,99080,800A9F60,2400,99060,800A9F40,2400,99060,800A9F40,2400,099040,800A9F20,2400,99120,800AA020,2400,099100,800AA000,2400,99060,800A9F40,2400,B39D0,800D0830,25E0,B39D0,800D0830,25E0,B39B0,800D0810,25E0,097520,800B04C0,2400,976E0,800B0120,2400,
sys_ucode,,,9B8B0,800AC950,50,09BA10,800ACAB0,50,9BA10,800ACAB0,50,9BA00,800AD0E0,50,9B9A0,800AD080,50,9BA40,800AD120,50,9B7C0,800ACFA0,50,9B480,800AC360,50,9B460,800AC340,50,9B460,800AC340,50,9B440,800AC320,50,9B520,800AC420,50,09B500,800AC400,50,9B460,800AC340,50,B5FB0,800D2E10,40,B5FB0,800D2E10,40,B5F90,800D2DF0,40,99920,800B28C0,50,99AE0,800B2520,50,
sys_rumble,,,9B900,800AC9A0,360,09BA60,800ACB00,360,9BA60,800ACB00,360,9BA50,800AD130,360,9B9F0,800AD0D0,360,9BA90,800AD170,360,9B810,800ACFF0,360,9B4D0,800AC3B0,360,9B4B0,800AC390,360,9B4B0,800AC390,360,9B490,800AC370,360,9B570,800AC470,360,09B550,800AC450,360,9B4B0,800AC390,360,B5FF0,800D2E50,370,B5FF0,800D2E50,370,B5FD0,800D2E30,370,99970,800B2910,360,99B30,800B2570,360,
code_800D31A0,,,9BC60,800ACD00,30,9BDC0,800ACE60,30,9BDC0,800ACE60,30,9BDB0,800AD490,30,9BD50,800AD430,30,9BDF0,800AD4D0,30,9BB70,800AD350,30,9B830,800AC710,30,9B810,800AC6F0,30,9B810,800AC6F0,30,9B7F0,800AC6D0,30,9B8D0,800AC7D0,30,09B8B0,800AC7B0,30,9B810,800AC6F0,30,B6360,800D31C0,80,B6360,800D31C0,80,B6340,800D31A0,80,99CD0,800B2C70,30,99E90,800B28D0,30,
irqmgr,,,9BC90,800ACD30,500,9BDF0,800ACE90,580,9BDF0,800ACE90,580,9BDE0,800AD4C0,620,9BD80,800AD460,620,9BE20,800AD500,620,9BBA0,800AD380,620,9B860,800AC740,620,9B840,800AC720,620,9B840,800AC720,620,9B820,800AC700,620,9B900,800AC800,620,09B8E0,800AC7E0,620,9B840,800AC720,620,B63E0,800D3240,870,B63E0,800D3240,870,B63C0,800D3220,870,99D00,800B2CA0,620,99EC0,800B2900,620,
loadN64dd,,Named by us,9C190,800AD230,B0,9C370,800AD410,B0,9C370,800AD410,B0,9C400,800ADAE0,B0,9C3A0,800ADA80,B0,9C440,800ADB20,B0,9C1C0,800AD9A0,B0,-,-,-,-,-,-,-,-,-,-,-,-,-,-,-,-,-,-,-,-,-,-,-,-,-,-,-,-,-,-,-,-,-,-,-,-,
code_n64dd_800AD4C0,,New to n64dd,9C240,800AD2E0,F0,9C420,800AD4C0,F0,9C420,800AD4C0,F0,9C4B0,800ADB90,F0,9C450,800ADB30,F0,9C4F0,800ADBD0,F0,9C270,800ADA50,F0,-,-,-,-,-,-,-,-,-,-,-,-,-,-,-,-,-,-,-,-,-,-,-,-,-,-,-,-,-,-,-,-,-,-,-,-,
debug_malloc,,,-,-,-,-,-,-,-,-,-,-,-,-,-,-,-,-,-,-,-,-,-,-,-,-,-,-,-,-,-,-,-,-,-,-,-,-,-,-,-,-,-,-,B6C50,800D3AB0,490,B6C50,800D3AB0,490,B6C30,800D3A90,490,-,-,-,-,-,-,
[PADDING],,,9C330,800AD3D0,10,9C510,800AD5B0,10,9C510,800AD5B0,10,-,-,-,-,-,-,-,-,-,-,-,-,-,-,-,-,-,-,-,-,-,-,-,-,-,-,-,-,-,-,-,-,-,-,-,-,-,-,-,-,-,-,-,-,-,-,-,-,
fault,,trapuv,9C340,800AD3E0,21D0,9C520,800AD5C0,21D0,9C520,800AD5C0,21D0,9C5A0,800ADC80,21D0,9C540,800ADC20,21D0,9C5E0,800ADCC0,21D0,9C360,800ADB40,21D0,9BE80,800ACD60,2850,9BE60,800ACD40,2850,9BE60,800ACD40,2850,9BE40,800ACD20,2850,9BF20,800ACE20,2850,09BF00,800ACE00,2850,9BE60,800ACD40,2850,B70E0,800D3F40,2850,B70E0,800D3F40,2850,B70C0,800D3F20,2850,9A320,800B32C0,2850,9A4E0,800B2F20,2850,
fault_drawer,,GC/iQue-only,-,-,-,-,-,-,-,-,-,-,-,-,-,-,-,-,-,-,-,-,-,9E6D0,800AF5B0,A80,9E6B0,800AF590,A80,9E6B0,800AF590,A80,9E690,800AF570,A80,9E770,800AF670,A80,09E750,800AF650,A80,9E6B0,800AF590,A80,B9930,800D6790,A80,B9930,800D6790,A80,B9910,800D6770,A80,9CB70,800B5B10,A80,9CD30,800B5770,A80,
kanread,,Handwritten (kanji offset lookup),09E510,800AF5B0,AE0,09E6F0,800AF790,AE0,09E6F0,800AF790,AE0,09E770,800AFE50,AE0,09E710,800AFDF0,AE0,09E7B0,800AFE90,AE0,9E530,800AFD10,AE0,09F150,800B0030,AE0,9F130,800B0010,AE0,9F130,800B0010,AE0,09F110,800AFFF0,AE0,9F1F0,800B00F0,AE0,09F1D0,800B00D0,AE0,9F130,800B0010,AE0,0BA3B0,800D7210,AE0,0BA3B0,800D7210,AE0,BA390,800D71F0,AE0,09D5F0,800B6590,AE0,9D7B0,800B61F0,AE0,
ucode_disas,,0x10 Padding after,-,-,-,-,-,-,-,-,-,-,-,-,-,-,-,-,-,-,,-,-,-,-,-,-,-,-,-,-,-,,-,-,-,-,-,-,-,-,-,-,-,BAE90,800D7CF0,2FF0,BAE90,800D7CF0,2FF0,BAE70,800D7CD0,2FF0,-,-,-,,-,-,
[PADDING],,,9EFF0,800B0090,10,9F1D0,800B0270,10,-,-,-,-,-,-,-,-,-,-,-,-,,-,-,9FC30,800B0B10,10,9FC10,800B0AF0,10,9FC10,800B0AF0,10,9FBF0,800B0AD0,10,9FCD0,800B0BD0,10,9FCB0,800B0BB0,10,9FC10,800B0AF0,10,-,-,-,-,-,-,,,,9E0D0,800B7070,10,9E290,800B6CD0,10,
,,,,,,,,,,,,,,,,,,,,,,,,,,,,,,,,,,,,,,,,,,,,,,,,,,,,,,,,,,,,
audio_lib_synthesis,,Just pointers,9F000,800B00A0,3160,9F1E0,800B0280,3160,9F1D0,800B0270,3190,9F250,800B0930,3190,9F1F0,800B08D0,3190,9F290,800B0970,3190,9F010,800B07F0,3190,9FC40,800B0B20,3160,9FC20,800B0B00,3160,9FC20,800B0B00,3160,09FC00,800B0AE0,3160,9FCE0,800B0BE0,3160,09FCC0,800B0BC0,3160,9FC20,800B0B00,3160,BDE80,800DACE0,3160,BDE80,800DACE0,3160,BDE60,800DACC0,3160,9E0E0,800B7080,3160,9E2A0,800B6CE0,3160,
audio_lib_heap,,Just pointers,A2160,800B3200,33D0,A2340,800B33E0,33D0,A2360,800B3400,33D0,A23E0,800B3AC0,33D0,A2380,800B3A60,33D0,A2420,800B3B00,33D0,A21A0,800B3980,33D0,A2DA0,800B3C80,33D0,A2D80,800B3C60,33D0,A2D80,800B3C60,33D0,A2D60,800B3C40,33D0,A2E40,800B3D40,33D0,0A2E20,800B3D20,33D0,A2D80,800B3C60,33D0,C0FE0,800DDE40,33D0,C0FE0,800DDE40,33D0,C0FC0,800DDE20,33D0,A1240,800BA1E0,33D0,A1400,800B9E40,33D0,
audio_lib_load,,func_800B8654_ne0/func_800B8D74_np1 has shrunk,A5530,800B65D0,3DF0,A5710,800B67B0,3DF0,A5730,800B67D0,3DF0,A57B0,800B6E90,3D90,A5750,800B6E30,3DF0,A57F0,800B6ED0,3D90,A5570,800B6D50,3DF0,A6170,800B7050,3DF0,A6150,800B7030,3DF0,A6150,800B7030,3DF0,A6130,800B7010,3DF0,A6210,800B7110,3DF0,A61F0,800B70F0,3DF0,A6150,800B7030,3DF0,C43B0,800E1210,3DF0,C43B0,800E1210,3DF0,C4390,800E11F0,3DF0,A4610,800BD5B0,3DF0,A47D0,800BD210,3DF0,
audio_lib_thread,,,A9320,800BA3C0,1860,A9500,800BA5A0,1860,A9520,800BA5C0,1860,A9540,800BAC20,1860,A9540,800BAC20,1860,A9580,800BAC60,1860,A9360,800BAB40,1860,A9F60,800BAE40,1860,A9F40,800BAE20,1860,A9F40,800BAE20,1860,A9F20,800BAE00,1860,AA000,800BAF00,1860,A9FE0,800BAEE0,1860,A9F40,800BAE20,1860,C81A0,800E5000,1860,C81A0,800E5000,1860,C8180,800E4FE0,1860,A8400,800C13A0,1860,A85C0,800C1000,1860,
audio_lib_dcache,,,AAB80,800BBC20,80,AAD60,800BBE00,80,AAD80,800BBE20,80,AADA0,800BC480,80,AADA0,800BC480,80,AADE0,800BC4C0,80,AABC0,800BC3A0,80,AB7C0,800BC6A0,80,AB7A0,800BC680,80,AB7A0,800BC680,80,AB780,800BC660,80,AB860,800BC760,80,0AB840,800BC740,80,AB7A0,800BC680,80,C9A00,800E6860,80,C9A00,800E6860,80,C99E0,800E6840,80,A9C60,800C2C00,80,A9E20,800C2860,80,
audio_lib_aisetnextbuf,,,AAC00,800BBCA0,80,AADE0,800BBE80,80,AAE00,800BBEA0,80,AAE20,800BC500,80,AAE20,800BC500,80,AAE60,800BC540,80,AAC40,800BC420,80,AB840,800BC720,80,AB820,800BC700,80,AB820,800BC700,80,AB800,800BC6E0,80,AB8E0,800BC7E0,80,0AB8C0,800BC7C0,80,AB820,800BC700,80,C9A80,800E68E0,80,C9A80,800E68E0,80,C9A60,800E68C0,80,A9CE0,800C2C80,80,A9EA0,800C28E0,80,
[PADDING],,,-,-,-,-,-,-,-,-,-,AAEA0,800BC580,30,-,-,-,AAEE0,800BC5C0,30,-,-,-,-,-,-,-,-,-,-,-,-,-,-,-,-,-,-,-,-,-,-,-,-,-,-,-,-,-,-,-,-,-,-,-,-,-,-,-,
audio_lib_playback,,,AAC80,800BBD20,1F80,AAE60,800BBF00,1F80,AAE80,800BBF20,1F80,AAED0,800BC5B0,1F80,AAEA0,800BC580,1F80,AAF10,800BC5F0,1F80,AACC0,800BC4A0,1F80,AB8C0,800BC7A0,1F80,AB8A0,800BC780,1F80,AB8A0,800BC780,1F80,AB880,800BC760,1F80,AB960,800BC860,1F80,0AB940,800BC840,1F80,AB8A0,800BC780,1F80,C9B00,800E6960,1F80,C9B00,800E6960,1F80,C9AE0,800E6940,1F80,A9D60,800C2D00,1F80,A9F20,800C2960,1F80,
audio_lib_effects,,,ACC00,800BDCA0,A80,ACDE0,800BDE80,A80,ACE00,800BDEA0,A80,ACE50,800BE530,A80,ACE20,800BE500,A80,ACE90,800BE570,A80,ACC40,800BE420,A80,AD840,800BE720,A80,AD820,800BE700,A80,AD820,800BE700,A80,AD800,800BE6E0,A80,AD8E0,800BE7E0,A80,0AD8C0,800BE7C0,A80,AD820,800BE700,A80,CBA80,800E88E0,A80,CBA80,800E88E0,A80,CBA60,800E88C0,A80,ABCE0,800C4C80,A80,ABEA0,800C48E0,A80,
audio_lib_seqplayer,,,AD680,800BE720,3620,AD860,800BE900,3620,AD880,800BE920,3650,AD8D0,800BEFB0,3650,AD8A0,800BEF80,3650,AD910,800BEFF0,3650,AD6C0,800BEEA0,3650,AE2C0,800BF1A0,3620,AE2A0,800BF180,3620,AE2A0,800BF180,3620,AE280,800BF160,3620,AE360,800BF260,3620,0AE340,800BF240,3620,AE2A0,800BF180,3620,CC500,800E9360,3620,CC500,800E9360,3620,CC4E0,800E9340,3620,AC760,800C5700,3620,AC920,800C5360,3620,
audio_general,,,B0CA0,800C1D40,5FF0,B0E80,800C1F20,6020,B0ED0,800C1F70,61A0,B0F20,800C2600,61C0,B0EF0,800C25D0,61C0,B0F60,800C2640,61C0,B0D10,800C24F0,61C0,B18E0,800C27C0,6190,B18C0,800C27A0,6190,B18C0,800C27A0,6190,B18A0,800C2780,6190,B1980,800C2880,6190,0B1960,800C2860,6190,B18C0,800C27A0,6190,CFB20,800EC980,A900,CFB20,800EC980,A900,CFB00,800EC960,A900,AFD80,800C8D20,6190,AFF40,800C8980,6190,
audio_sfx,,,B6C90,800C7D30,1E60,B6EA0,800C7F40,1E60,B7070,800C8110,1E50,B70E0,800C87C0,1E50,B70B0,800C8790,1E50,B7120,800C8800,1E50,B6ED0,800C86B0,1E50,B7A70,800C8950,1E60,B7A50,800C8930,1E60,B7A50,800C8930,1E60,B7A30,800C8910,1E60,B7B10,800C8A10,1E60,0B7AF0,800C89F0,1E60,B7A50,800C8930,1E60,DA420,800F7280,2020,DA420,800F7280,2020,DA400,800F7260,2020,B5F10,800CEEB0,1E60,B60D0,800CEB10,1E60,
audio_sequence,,,B8AF0,800C9B90,1C20,B8D00,800C9DA0,1C20,B8EC0,800C9F60,1C20,B8F30,800CA610,1C20,B8F00,800CA5E0,1C20,B8F70,800CA650,1C20,B8D20,800CA500,1C20,B98D0,800CA7B0,1C20,B98B0,800CA790,1C20,B98B0,800CA790,1C20,B9890,800CA770,1C20,B9970,800CA870,1C20,0B9950,800CA850,1C20,B98B0,800CA790,1C20,DC440,800F92A0,1CE0,DC440,800F92A0,1CE0,DC420,800F9280,1CE0,B7D70,800D0D10,1C20,B7F30,800D0970,1C20,
,,,,,,,,,,,,,,,,,,,,,,,,,,,,,,,,,,,,,,,,,,,,,,,,,,,,,,,,,,,,
gfxprint,,,BA710,800CB7B0,C00,BA920,800CB9C0,C00,BAAE0,800CBB80,C00,BAB50,800CC230,C00,BAB20,800CC200,C00,BAB90,800CC270,C00,BA940,800CC120,C00,BB4F0,800CC3D0,D70,BB4D0,800CC3B0,D70,BB4D0,800CC3B0,D70,0BB4B0,800CC390,D70,BB590,800CC490,D70,0BB570,800CC470,D70,BB4D0,800CC3B0,D70,DE120,800FAF80,D80,DE120,800FAF80,D80,DE100,800FAF60,D80,,,,,,,
rcp_utils,,,BB310,800CC3B0,330,BB520,800CC5C0,330,BB6E0,800CC780,330,BB750,800CCE30,330,BB720,800CCE00,330,BB790,800CCE70,330,BB540,800CCD20,330,BC260,800CD140,60,BC240,800CD120,60,BC240,800CD120,60,0BC220,800CD100,60,BC300,800CD200,60,0BC2E0,800CD1E0,60,BC240,800CD120,60,DEEA0,800FBD00,330,DEEA0,800FBD00,330,DEE80,800FBCE0,330,,,,,,,
loadfragment2,,Has all 3 reloc functions on ne0,BB640,800CC6E0,4B0,BB850,800CC8F0,4B0,BBA10,800CCAB0,4B0,BBA80,800CD160,4B0,BBA50,800CD130,4B0,BBAC0,800CD1A0,4B0,BB870,800CD050,4B0,BC2C0,800CD1A0,60,BC2A0,800CD180,60,BC2A0,800CD180,60,0BC280,800CD160,60,BC360,800CD260,60,0BC340,800CD240,60,BC2A0,800CD180,60,DF1D0,800FC030,B0,DF1D0,800FC030,B0,DF1B0,800FC010,B0,,,,,,,
mtxuty-cvt,,Moved at least,-,-,-,-,-,-,-,-,-,-,-,-,-,-,-,-,-,-,-,-,-,-,-,-,-,-,-,-,-,-,-,-,-,-,-,-,-,-,-,-,-,-,DF280,800FC0E0,200,DF280,800FC0E0,200,DF260,800FC0C0,200,,,,,,,
relocation,,,-,-,-,-,-,-,-,-,-,-,-,-,-,-,-,-,-,-,-,-,-,BC320,800CD200,240,BC300,800CD1E0,240,BC300,800CD1E0,240,0BC2E0,800CD1C0,240,BC3C0,800CD2C0,240,0BC3A0,800CD2A0,240,BC300,800CD1E0,240,DF480,800FC2E0,360,DF480,800FC2E0,360,DF460,800FC2C0,360,,,,,,,
load,,,-,-,-,-,-,-,-,-,-,-,-,-,-,-,-,-,-,-,-,-,-,BC560,800CD440,D0,BC540,800CD420,D0,BC540,800CD420,D0,BC520,800CD400,D0,BC600,800CD500,D0,0BC5E0,800CD4E0,D0,BC540,800CD420,D0,DF7E0,800FC640,1E0,DF7E0,800FC640,1E0,DF7C0,800FC620,1E0,,,,,,,
code_800FC620,,,-,-,-,-,-,-,-,-,-,-,-,-,-,-,-,-,-,-,-,-,-,BC630,800CD510,340,BC610,800CD4F0,340,BC610,800CD4F0,340,BC5F0,800CD4D0,340,BC6D0,800CD5D0,340,BC6B0,800CD5B0,340,BC610,800CD4F0,340,DF9C0,800FC820,350,DF9C0,800FC820,350,DF9A0,800FC800,350,,,,,,,
padutils,,,BBAF0,800CCB90,210,BBD00,800CCDA0,210,BBEC0,800CCF60,210,BBF30,800CD610,210,BBF00,800CD5E0,210,BBF70,800CD650,210,BBD20,800CD500,210,BC970,800CD850,1F0,BC950,800CD830,1F0,BC950,800CD830,1F0,BC930,800CD810,1F0,BCA10,800CD910,1F0,0BC9F0,800CD8F0,1F0,BC950,800CD830,1F0,DFD10,800FCB70,1F0,DF9C0,800FC820,1F0,DFCF0,800FCB50,1F0,,,,,,,
code_800FC620,,ne0 has interrupt mask setting,BBD00,800CCDA0,420,BBF10,800CCFB0,420,BC0D0,800CD170,420,BC140,800CD820,420,BC110,800CD7F0,420,BC180,800CD860,420,BBF30,800CD710,420,-,-,-,-,-,-,-,-,-,-,-,-,-,-,-,-,-,-,-,-,-,-,-,-,-,-,-,-,-,-,,,,,,,
padsetup,,-O2,BC120,800CD1C0,140,BC330,800CD3D0,140,BC4F0,800CD590,140,BC560,800CDC40,140,BC530,800CDC10,140,BC5A0,800CDC80,140,BC350,800CDB30,140,BCB60,800CDA40,140,BCB40,800CDA20,140,BCB40,800CDA20,140,BCB20,800CDA00,140,BCC00,800CDB00,140,0BCBE0,800CDAE0,140,BCB40,800CDA20,140,DFF00,800FCD60,140,DFBB0,800FCA10,140,DFEE0,800FCD40,140,,,,,,,
code_800FCE80,,Maths,BC260,800CD300,3B0,BC470,800CD510,3B0,BC630,800CD6D0,3B0,BC6A0,800CDD80,3B0,BC670,800CDD50,3B0,BC6E0,800CDDC0,3B0,BC490,800CDC70,3B0,BCCA0,800CDB80,510,BCC80,800CDB60,510,BCC80,800CDB60,510,BCC60,800CDB40,510,BCD40,800CDC40,510,0BCD20,800CDC20,510,BCC80,800CDB60,510,E0040,800FCEA0,510,DFCF0,800FCB50,510,E0020,800FCE80,510,,,,,,,
fp,,Handwritten,BC610,800CD6B0,160,BC820,800CD8C0,160,BC9E0,800CDA80,160,BCA50,800CE130,160,BCA20,800CE100,160,BCA90,800CE170,160,BC840,800CE020,160,BD1B0,800CE090,160,BD190,800CE070,160,BD190,800CE070,160,0BD170,800CE050,160,BD250,800CE150,160,0BD230,800CE130,160,BD190,800CE070,160,E0550,800FD3B0,160,E0200,800FD060,160,E0530,800FD390,160,,,,,,,
system_malloc,,,BC770,800CD810,270,BC980,800CDA20,270,BCB40,800CDBE0,270,BCBB0,800CE290,270,BCB80,800CE260,270,BCBF0,800CE2D0,270,BC9A0,800CE180,270,BD310,800CE1F0,1D0,BD2F0,800CE1D0,1D0,BD2F0,800CE1D0,1D0,BD2D0,800CE1B0,1D0,BD3B0,800CE2B0,1D0,0BD390,800CE290,1D0,BD2F0,800CE1D0,1D0,E06B0,800FD510,480,E0360,800FD1C0,480,E0690,800FD4F0,480,,,,,,,
rand,,,BC9E0,800CDA80,100,BCBF0,800CDC90,100,BCDB0,800CDE50,100,BCE20,800CE500,100,BCDF0,800CE4D0,100,BCE60,800CE540,100,BCC10,800CE3F0,100,BD4E0,800CE3C0,1C0,BD4C0,800CE3A0,1C0,BD4C0,800CE3A0,1C0,BD4A0,800CE380,1C0,BD580,800CE480,1C0,0BD560,800CE460,1C0,BD4C0,800CE3A0,1C0,E0B30,800FD990,1C0,E07E0,800FD640,1C0,E0B10,800FD970,1C0,,,,,,,
__osMalloc,,Very different N64/GC,BCAE0,800CDB80,9B0,BCCF0,800CDD90,9B0,BCEB0,800CDF50,9B0,BCF20,800CE600,9B0,BCEF0,800CE5D0,9B0,BCF60,800CE640,9B0,BCD10,800CE4F0,9B0,BD6A0,800CE580,DB0,BD680,800CE560,DB0,BD680,800CE560,DB0,BD660,800CE540,DB0,BD740,800CE640,DB0,0BD720,800CE620,DB0,BD680,800CE560,DB0,E0CF0,800FDB50,1810,E09A0,800FD800,1810,E0CD0,800FDB30,1810,,,,,,,
sprintf,,In boot on debug,BD490,800CE530,D0,BD6A0,800CE740,D0,BD860,800CE900,D0,BD8D0,800CEFB0,D0,BD8A0,800CEF80,D0,BD910,800CEFF0,D0,BD6C0,800CEEA0,D0,BE450,800CF330,D0,BE430,800CF310,D0,BE430,800CF310,D0,BE410,800CF2F0,D0,BE4F0,800CF3F0,D0,0BE4D0,800CF3D0,D0,BE430,800CF310,D0,,,,,,,,,,,,,,,,
printutils,,,BD560,800CE600,60,BD770,800CE810,60,BD930,800CE9D0,60,BD9A0,800CF080,60,BD970,800CF050,60,BD9E0,800CF0C0,60,BD790,800CEF70,60,BE520,800CF400,60,BE500,800CF3E0,60,BE500,800CF3E0,60,BE4E0,800CF3C0,60,BE5C0,800CF4C0,60,0BE5A0,800CF4A0,60,BE500,800CF3E0,60,E2500,800FF360,60,E21B0,800FF010,60,E24E0,800FF340,60,,,,,,,
sleep,,In boot on ne0,-,-,-,-,-,-,-,-,-,-,-,-,-,-,-,-,-,-,-,-,-,BE580,800CF460,1A0,BE560,800CF440,1A0,BE560,800CF440,1A0,BE540,800CF420,1A0,BE620,800CF520,1A0,0BE600,800CF500,1A0,BE560,800CF440,1A0,E2560,800FF3C0,1A0,E2210,800FF070,1A0,E2540,800FF3A0,1A0,,,,,,,
jpegutils,,,BD5C0,800CE660,510,0BD7D0,800CE870,510,BD990,800CEA30,510,BDA00,800CF0E0,510,BD9D0,800CF0B0,510,BDA40,800CF120,510,BD7F0,800CEFD0,510,BE720,800CF600,510,BE700,800CF5E0,510,BE700,800CF5E0,510,BE6E0,800CF5C0,510,BE7C0,800CF6C0,510,0BE7A0,800CF6A0,510,BE700,800CF5E0,510,E2700,800FF560,510,E23B0,800FF210,510,E26E0,800FF540,510,,,,,,,
jpegdecoder,,,BDAD0,800CEB70,5F0,0BDCE0,800CED80,5F0,BDEA0,800CEF40,5F0,BDF10,800CF5F0,5F0,BDEE0,800CF5C0,5F0,BDF50,800CF630,5F0,BDD00,800CF4E0,5F0,BEC30,800CFB10,5F0,BEC10,800CFAF0,5F0,BEC10,800CFAF0,5F0,BEBF0,800CFAD0,5F0,BECD0,800CFBD0,5F0,0BECB0,800CFBB0,5F0,BEC10,800CFAF0,5F0,E2C10,800FFA70,5F0,E28C0,800FF720,5F0,E2BF0,800FFA50,5F0,,,,,,,
,code_800FC620,,,,,,,,,,,,,,,,,,,,,,,,,,,,,,,,,,,,,,,,,,,,,,,,,,,,,B9990,800D2930,340,B9B50,800D2590,340,code_800FC620
,logutils,Only 2 fns,,,,,,,,,,,,,,,,,,,,,,,,,,,,,,,,,,,,,,,,,,,,,,,,,,,,B9CD0,800D2C70,60,B9E90,800D28D0,60,logutils
,gfxprint,,,,,,,,,,,,,,,,,,,,,,,,,,,,,,,,,,,,,,,,,,,,,,,,,,,,,B9D30,800D2CD0,D70,B9EF0,800D2930,D70,gfxprint
,relocation,,,,,,,,,,,,,,,,,,,,,,,,,,,,,,,,,,,,,,,,,,,,,,,,,,,,,BAAA0,800D3A40,240,BAC60,800D36A0,240,relocation
,loadfragment2,,,,,,,,,,,,,,,,,,,,,,,,,,,,,,,,,,,,,,,,,,,,,,,,,,,,,BACE0,800D3C80,60,BAEA0,800D38E0,60,loadfragment2
,overlay_load,,,,,,,,,,,,,,,,,,,,,,,,,,,,,,,,,,,,,,,,,,,,,,,,,,,,,BAD40,800D3CE0,D0,BAF00,800D3940,D0,overlay_load
,padsetup,,,,,,,,,,,,,,,,,,,,,,,,,,,,,,,,,,,,,,,,,,,,,,,,,,,,,BAE10,800D3DB0,140,BAFD0,800D3A10,140,padsetup
,padutils,,,,,,,,,,,,,,,,,,,,,,,,,,,,,,,,,,,,,,,,,,,,,,,,,,,,,BAF50,800D3EF0,1F0,BB110,800D3B50,1F0,padutils
,rcp_utils,,,,,,,,,,,,,,,,,,,,,,,,,,,,,,,,,,,,,,,,,,,,,,,,,,,,,BB140,800D40E0,60,BB300,800D3D40,60,rcp_utils
,__osMalloc,,,,,,,,,,,,,,,,,,,,,,,,,,,,,,,,,,,,,,,,,,,,,,,,,,,,,BB1A0,800D4140,DB0,BB360,800D3DA0,DB0,__osMalloc
,printutils,,,,,,,,,,,,,,,,,,,,,,,,,,,,,,,,,,,,,,,,,,,,,,,,,,,,,BBF50,800D4EF0,60,BC110,800D4B50,60,printutils
,system_malloc,,,,,,,,,,,,,,,,,,,,,,,,,,,,,,,,,,,,,,,,,,,,,,,,,,,,,BBFB0,800D4F50,1D0,BC170,800D4BB0,1D0,system_malloc
,code_800FCE80,,,,,,,,,,,,,,,,,,,,,,,,,,,,,,,,,,,,,,,,,,,,,,,,,,,,,BC180,800D5120,510,BC340,800D4D80,510,code_800FCE80
,fp,Handwritten,,,,,,,,,,,,,,,,,,,,,,BD1B0,800CE090,,,,,,,,,,,,,,,,,,,,,,,,,,,,,BC690,800D5630,160,BC850,800D5290,160,fp
,code_800FD970,,,,,,,,,,,,,,,,,,,,,,,,,,,,,,,,,,,,,,,,,,,,,,,,,,,,,BC7F0,800D5790,1C0,BC9B0,800D53F0,1C0,code_800FD970
,sleep,,,,,,,,,,,,,,,,,,,,,,,,,,,,,,,,,,,,,,,,,,,,,,,,,,,,,BC9B0,800D5950,1A0,BCB70,800D55B0,1A0,sleep
,sprintf,old libultra,,,,,,,,,,,,,,,,,,,,,,,,,,,,,,,,,,,,,,,,,,,,,,,,,,,,BCB50,800D5AF0,D0,BCD10,800D5750,D0,sprintf
,jpegutils,,,,,,,,,,,,,,,,,,,,,,,,,,,,,,,,,,,,,,,,,,,,,,,,,,,,,BCC20,800D5BC0,510,BCDE0,800D5820,510,jpegutils
,jpegdecoder,,,,,,,,,,,,,,,,,,,,,,,,,,,,,,,,,,,,,,,,,,,,,,,,,,,,,BD130,800D60D0,5F0,BD2F0,800D5D30,5F0,jpegdecoder
,,,,,,,,,,,,,,,,,,,,,,,,,,,,,,,,,,,,,,,,,,,,,,,,,,,,,,,,,,,,
getintmask,,,BE0C0,800CF160,60,BE2D0,800CF370,60,BE490,800CF530,60,BE500,800CFBE0,60,BE4D0,800CFBB0,60,BE540,800CFC20,60,BE2F0,800CFAD0,60,-,-,-,-,-,-,-,-,-,-,-,-,-,-,-,-,-,-,-,-,-,-,-,-,-,-,-,-,-,-,,,,,,,
pfsfreeblocks,,,-,-,-,-,-,-,-,-,-,-,-,-,-,-,-,-,-,-,-,-,-,-,-,-,-,-,-,-,-,-,-,-,-,-,-,-,-,-,-,-,-,-,E3200,80100060,1A0,E2EB0,800FFD10,1A0,E31E0,80100040,1A0,,,,,,,
scale,,Handwritten,BE120,800CF1C0,A0,BE330,800CF3D0,A0,BE4F0,800CF590,A0,BE560,800CFC40,A0,BE530,800CFC10,A0,BE5A0,800CFC80,A0,BE350,800CFB30,A0,BF220,800D0100,B0,BF200,800D00E0,B0,BF200,800D00E0,B0,BF1E0,800D00C0,B0,BF2C0,800D01C0,B0,0BF2A0,800D01A0,B0,BF200,800D00E0,B0,E33A0,80100200,B0,E3050,800FFEB0,B0,E3380,801001E0,B0,,,,,,,
sinf,,,BE1C0,800CF260,1C0,BE3D0,800CF470,1C0,BE590,800CF630,1C0,BE600,800CFCE0,1C0,BE5D0,800CFCB0,1C0,BE640,800CFD20,1C0,BE3F0,800CFBD0,1C0,BF2D0,800D01B0,1C0,BF2B0,800D0190,1C0,BF2B0,800D0190,1C0,BF290,800D0170,1C0,BF370,800D0270,1C0,0BF350,800D0250,1C0,BF2B0,800D0190,1C0,E3450,801002B0,1C0,E3100,800FFF60,1C0,E3430,80100290,1C0,,,,,,,
sins,,,BE380,800CF420,70,BE590,800CF630,70,0BE750,800CF7F0,70,BE7C0,800CFEA0,70,BE790,800CFE70,70,BE800,800CFEE0,70,BE5B0,800CFD90,70,BF490,800D0370,70,BF470,800D0350,70,BF470,800D0350,70,0BF450,800D0330,70,BF530,800D0430,70,0BF510,800D0410,70,BF470,800D0350,70,E3610,80100470,70,E32C0,80100120,70,E35F0,80100450,70,,,,,,,
sptask,,,BE3F0,800CF490,2F0,BE600,800CF6A0,2F0,BE7C0,800CF860,2F0,BE830,800CFF10,2F0,BE800,800CFEE0,2F0,BE870,800CFF50,2F0,BE620,800CFE00,2F0,BF500,800D03E0,2C0,BF4E0,800D03C0,2C0,BF4E0,800D03C0,2C0,BF4C0,800D03A0,2C0,BF5A0,800D04A0,2C0,0BF580,800D0480,2C0,BF4E0,800D03C0,2C0,E3680,801004E0,2C0,E3330,80100190,2C0,E3660,801004C0,2C0,,,,,,,
motor,,,BE6E0,800CF780,3D0,BE8F0,800CF990,3D0,BEAB0,800CFB50,3D0,BEB20,800D0200,3D0,BEAF0,800D01D0,3D0,BEB60,800D0240,3D0,-,-,-,BF7C0,800D06A0,3D0,BF7A0,800D0680,3D0,BF7A0,800D0680,3D0,BF780,800D0660,3D0,BF860,800D0760,3D0,0BF840,800D0740,3D0,BF7A0,800D0680,3D0,E3940,801007A0,3D0,E35F0,80100450,3D0,E3920,80100780,3D0,,,,,,,
siacs,,,BEAB0,800CFB50,C0,BECC0,800CFD60,C0,BEE80,800CFF20,C0,BEEF0,800D05D0,C0,BEEC0,800D05A0,C0,BEF30,800D0610,C0,-,-,-,BFB90,800D0A70,C0,BFB70,800D0A50,C0,BFB70,800D0A50,C0,BFB50,800D0A30,C0,BFC30,800D0B30,C0,0BFC10,800D0B10,C0,BFB70,800D0A50,C0,E3D10,80100B70,C0,E39C0,80100820,C0,E3CF0,80100B50,C0,,,,,,,
controller,,,BEB70,800CFC10,340,BED80,800CFE20,340,BEF40,800CFFE0,340,BEFB0,800D0690,340,BEF80,800D0660,340,BEFF0,800D06D0,340,BE910,800D00F0,340,BFC50,800D0B30,2E0,BFC30,800D0B10,2E0,BFC30,800D0B10,2E0,BFC10,800D0AF0,2E0,BFCF0,800D0BF0,2E0,0BFCD0,800D0BD0,2E0,BFC30,800D0B10,2E0,E3DD0,80100C30,2E0,E3A80,801008E0,2E0,E3DB0,80100C10,2E0,,,,,,,
,siacs,neg only,,,,,,,,,,,,,,,,,,,BEC50,800D0430,C0,,,,,,,,,,,,,,,,,,,,,,,,,,,,,,,,,,,,,
contreaddata,,,BEEB0,800CFF50,1E0,BF0C0,800D0160,1E0,BF280,800D0320,1E0,BF2F0,800D09D0,1E0,BF2C0,800D09A0,1E0,BF330,800D0A10,1E0,BED10,800D04F0,1E0,BFF30,800D0E10,1E0,BFF10,800D0DF0,1E0,BFF10,800D0DF0,1E0,BFEF0,800D0DD0,1E0,BFFD0,800D0ED0,1E0,0BFFB0,800D0EB0,1E0,BFF10,800D0DF0,1E0,E40B0,80100F10,1E0,E3D60,80100BC0,1E0,E4090,80100EF0,1E0,,,,,,,
perspective,,,BF090,800D0130,290,BF2A0,800D0340,290,BF460,800D0500,290,BF4D0,800D0BB0,290,BF4A0,800D0B80,290,BF510,800D0BF0,290,BEEF0,800D06D0,290,C0110,800D0FF0,290,C00F0,800D0FD0,290,C00F0,800D0FD0,290,C00D0,800D0FB0,290,C01B0,800D10B0,290,0C0190,800D1090,290,C00F0,800D0FD0,290,E4290,801010F0,290,E3F40,80100DA0,290,E4270,801010D0,290,,,,,,,
sprawdma,,N64 is -O2 instead of 2.0I's -O1,BF320,800D03C0,90,BF530,800D05D0,90,BF6F0,800D0790,90,BF760,800D0E40,90,BF730,800D0E10,90,BF7A0,800D0E80,90,BF180,800D0960,90,C03A0,800D1280,90,C0380,800D1260,90,C0380,800D1260,90,C0360,800D1240,90,C0440,800D1340,90,0C0420,800D1320,90,C0380,800D1260,90,E4520,80101380,90,E41D0,80101030,90,E4500,80101360,90,,,,,,,
sirawdma,,,BF3B0,800D0450,B0,BF5C0,800D0660,B0,BF780,800D0820,B0,BF7F0,800D0ED0,B0,BF7C0,800D0EA0,B0,BF830,800D0F10,B0,BF210,800D09F0,B0,C0430,800D1310,B0,C0410,800D12F0,B0,C0410,800D12F0,B0,C03F0,800D12D0,B0,C04D0,800D13D0,B0,0C04B0,800D13B0,B0,C0410,800D12F0,B0,E45B0,80101410,B0,E4260,801010C0,B0,E4590,801013F0,B0,,,,,,,
sptaskyield,,,BF460,800D0500,20,BF670,800D0710,20,BF830,800D08D0,20,BF8A0,800D0F80,20,BF870,800D0F50,20,BF8E0,800D0FC0,20,BF2C0,800D0AA0,20,C04E0,800D13C0,20,C04C0,800D13A0,20,C04C0,800D13A0,20,C04A0,800D1380,20,C0580,800D1480,20,0C0560,800D1460,20,C04C0,800D13A0,20,E4660,801014C0,20,E4310,80101170,20,E4640,801014A0,20,,,,,,,
mtxutil,,,BF480,800D0520,270,BF690,800D0730,270,BF850,800D08F0,270,BF8C0,800D0FA0,270,BF890,800D0F70,270,BF900,800D0FE0,270,BF2E0,800D0AC0,270,-,-,-,-,-,-,-,-,-,-,-,-,-,-,-,-,-,-,-,-,-,-,-,-,-,-,-,-,-,-,,,,,,,
pfsreadwritefile,,,-,-,-,-,-,-,-,-,-,-,-,-,-,-,-,-,-,-,-,-,-,-,-,-,-,-,-,-,-,-,-,-,-,-,-,-,-,-,-,-,-,-,E4680,801014E0,450,E4330,80101190,450,E4660,801014C0,450,,,,,,,
pfsgetstatus,,,-,-,-,-,-,-,-,-,-,-,-,-,-,-,-,-,-,-,-,-,-,-,-,-,-,-,-,-,-,-,-,-,-,-,-,-,-,-,-,-,-,-,E4AD0,80101930,230,E4780,801015E0,230,E4AB0,80101910,230,,,,,,,
mtxidentf,,Handwritten,-,-,-,-,-,-,-,-,-,-,-,-,-,-,-,-,-,-,-,-,-,C0500,800D13E0,50,C04E0,800D13C0,50,C04E0,800D13C0,50,C04C0,800D13A0,50,C05A0,800D14A0,50,0C0580,800D1480,50,C04E0,800D13C0,50,E4D00,80101B60,50,E49B0,80101810,50,E4CE0,80101B40,50,,,,,,,
lookat,,,BF6F0,800D0790,330,BF900,800D09A0,330,BFAC0,800D0B60,330,BFB30,800D1210,330,BFB00,800D11E0,330,BFB70,800D1250,330,BF550,800D0D30,330,C0550,800D1430,320,C0530,800D1410,320,C0530,800D1410,320,C0510,800D13F0,320,C05F0,800D14F0,320,0C05D0,800D14D0,320,C0530,800D1410,320,E4D50,80101BB0,320,E4A00,80101860,320,E4D30,80101B90,320,,,,,,,
pfsallocatefile,,,-,-,-,-,-,-,-,-,-,-,-,-,-,-,-,-,-,-,-,-,-,-,-,-,-,-,-,-,-,-,-,-,-,-,-,-,-,-,-,-,-,-,E5070,80101ED0,480,E4D20,80101B80,480,E5050,80101EB0,480,,,,,,,
stoptimer,,,BFA20,800D0AC0,F0,BFC30,800D0CD0,F0,BFDF0,800D0E90,F0,BFE60,800D1540,F0,BFE30,800D1510,F0,BFEA0,800D1580,F0,BF880,800D1060,F0,C0870,800D1750,F0,C0850,800D1730,F0,C0850,800D1730,F0,C0830,800D1710,F0,C0910,800D1810,F0,0C08F0,800D17F0,F0,C0850,800D1730,F0,E54F0,80102350,F0,E51A0,80102000,F0,E54D0,80102330,F0,,,,,,,
contpfs,,,-,-,-,-,-,-,-,-,-,-,-,-,-,-,-,-,-,-,-,-,-,-,-,-,-,-,-,-,-,-,-,-,-,-,-,-,-,-,-,-,-,-,E55E0,80102440,B80,E5290,801020F0,B80,E55C0,80102420,B80,,,,,,,
mtxl2f,,Handwritten,-,-,-,-,-,-,-,-,-,-,-,-,-,-,-,-,-,-,-,-,-,-,-,-,-,-,-,-,-,-,-,-,-,-,-,-,-,-,-,-,-,-,E6160,80102FC0,70,E5E10,80102C70,70,E6140,80102FA0,70,,,,,,,
pfsfindfile,,,-,-,-,-,-,-,-,-,-,-,-,-,-,-,-,-,-,-,-,-,-,-,-,-,-,-,-,-,-,-,-,-,-,-,-,-,-,-,-,-,-,-,E61D0,80103030,1D0,E5E80,80102CE0,1D0,E61B0,80103010,1D0,,,,,,,
sqrtf,,,BFB10,800D0BB0,10,BFD20,800D0DC0,10,BFEE0,800D0F80,10,BFF50,800D1630,10,BFF20,800D1600,10,BFF90,800D1670,10,BF970,800D1150,10,C0960,800D1840,10,C0940,800D1820,10,C0940,800D1820,10,C0920,800D1800,10,C0A00,800D1900,10,0C09E0,800D18E0,10,C0940,800D1820,10,E63A0,80103200,10,E6050,80102EB0,10,E6380,801031E0,10,,,,,,,
afterprenmi,,J?,BFB20,800D0BC0,20,BFD30,800D0DD0,20,BFEF0,800D0F90,20,BFF60,800D1640,20,BFF30,800D1610,20,BFFA0,800D1680,20,BF980,800D1160,20,C0970,800D1850,20,C0950,800D1830,20,C0950,800D1830,20,C0930,800D1810,20,C0A10,800D1910,20,0C09F0,800D18F0,20,C0950,800D1830,20,E63B0,80103210,20,E6060,80102EC0,20,E6390,801031F0,20,,,,,,,
contquery,,,BFB40,800D0BE0,B0,BFD50,800D0DF0,B0,BFF10,800D0FB0,B0,BFF80,800D1660,B0,BFF50,800D1630,B0,BFFC0,800D16A0,B0,BF9A0,800D1180,B0,C0990,800D1870,A0,C0970,800D1850,A0,C0970,800D1850,A0,C0950,800D1830,A0,C0A30,800D1930,A0,0C0A10,800D1910,A0,C0970,800D1850,A0,E63D0,80103230,A0,E6080,80102EE0,A0,E63B0,80103210,A0,,,,,,,
lookathil,,,BFBF0,800D0C90,7F0,BFE00,800D0EA0,7F0,BFFC0,800D1060,7F0,C0030,800D1710,7F0,C0000,800D16E0,7F0,C0070,800D1750,7F0,BFA50,800D1230,7F0,C0A30,800D1910,880,C0A10,800D18F0,880,C0A10,800D18F0,880,C09F0,800D18D0,880,C0AD0,800D19D0,880,0C0AB0,800D19B0,880,C0A10,800D18F0,880,E6470,801032D0,880,E6120,80102F80,880,E6450,801032B0,880,,,,,,,
xprintf,,In boot on debug,C03E0,800D1480,CC0,C05F0,800D1690,CC0,C07B0,800D1850,CC0,C0820,800D1F00,CC0,C07F0,800D1ED0,CC0,C0860,800D1F40,CC0,C0240,800D1A20,CC0,C12B0,800D2190,CE0,C1290,800D2170,CE0,C1290,800D2170,CE0,C1270,800D2150,CE0,C1350,800D2250,CE0,0C1330,800D2230,CE0,C1290,800D2170,CE0,-,-,-,-,-,-,-,-,-,,,,,,,
string,,In boot on debug,C10A0,800D2140,A0,C12B0,800D2350,A0,C1470,800D2510,A0,C14E0,800D2BC0,A0,C14B0,800D2B90,A0,C1520,800D2C00,A0,C0F00,800D26E0,A0,C1F90,800D2E70,A0,C1F70,800D2E50,A0,C1F70,800D2E50,A0,C1F50,800D2E30,A0,C2030,800D2F30,A0,0C2010,800D2F10,A0,C1F70,800D2E50,A0,-,-,-,-,-,-,-,-,-,,,,,,,
sp,,,C1140,800D21E0,30,C1350,800D23F0,30,C1510,800D25B0,30,C1580,800D2C60,30,C1550,800D2C30,30,C15C0,800D2CA0,30,C0FA0,800D2780,30,C2030,800D2F10,30,C2010,800D2EF0,30,C2010,800D2EF0,30,C1FF0,800D2ED0,30,C20D0,800D2FD0,30,0C20B0,800D2FB0,30,C2010,800D2EF0,30,E6CF0,80103B50,30,E69A0,80103800,30,E6CD0,80103B30,30,,,,,,,
viswapbuf,,ne0/ne1,C1170,800D2210,50,C1380,800D2420,50,C1540,800D25E0,50,-,-,-,-,-,-,-,-,-,-,-,-,-,-,-,-,-,-,-,-,-,-,-,-,-,-,-,-,-,-,-,-,-,-,-,-,-,-,-,-,-,-,,,,,,,
mtxident,,Handwritten,-,-,-,-,-,-,-,-,-,-,-,-,-,-,-,-,-,-,-,-,-,C2060,800D2F40,50,C2040,800D2F20,50,C2040,800D2F20,50,C2020,800D2F00,50,C2100,800D3000,50,0C20E0,800D2FE0,50,C2040,800D2F20,50,E6D20,80103B80,50,E69D0,80103830,50,E6D00,80103B60,50,,,,,,,
position,,,C11C0,800D2260,220,C13D0,800D2470,220,C1590,800D2630,220,C15B0,800D2C90,220,C1580,800D2C60,220,C15F0,800D2CD0,220,C0FD0,800D27B0,220,C20B0,800D2F90,210,C2090,800D2F70,210,C2090,800D2F70,210,C2070,800D2F50,210,C2150,800D3050,210,0C2130,800D3030,210,C2090,800D2F70,210,E6D70,80103BD0,210,E6A20,80103880,210,E6D50,80103BB0,210,,,,,,,
sptaskyielded,,,C13E0,800D2480,80,C15F0,800D2690,80,C17B0,800D2850,80,C17D0,800D2EB0,80,C17A0,800D2E80,80,C1810,800D2EF0,80,C11F0,800D29D0,80,C22C0,800D31A0,60,C22A0,800D3180,60,C22A0,800D3180,60,C2280,800D3160,60,C2360,800D3260,60,0C2340,800D3240,60,C22A0,800D3180,60,E6F80,80103DE0,60,E6C30,80103A90,60,E6F60,80103DC0,60,,,,,,,
rotate,,,C1460,800D2500,1F0,C1670,800D2710,1F0,C1830,800D28D0,1F0,C1850,800D2F30,1F0,C1820,800D2F00,1F0,C1890,800D2F70,1F0,C1270,800D2A50,1F0,C2320,800D3200,1D0,C2300,800D31E0,1D0,C2300,800D31E0,1D0,C22E0,800D31C0,1D0,C23C0,800D32C0,1D0,0C23A0,800D32A0,1D0,C2300,800D31E0,1D0,E6FE0,80103E40,1D0,E6C90,80103AF0,1D0,E6FC0,80103E20,1D0,,,,,,,
aisetfreq,,J version?,C1650,800D26F0,150,C1860,800D2900,150,C1A20,800D2AC0,150,C1A40,800D3120,150,C1A10,800D30F0,150,C1A80,800D3160,150,C1460,800D2C40,150,C24F0,800D33D0,150,C24D0,800D33B0,150,C24D0,800D33B0,150,C24B0,800D3390,150,C2590,800D3490,150,0C2570,800D3470,150,C24D0,800D33B0,150,E71B0,80104010,150,E6E60,80103CC0,150,E7190,80103FF0,150,,,,,,,
getactivequeue,,,C17A0,800D2840,10,C19B0,800D2A50,10,C1B70,800D2C10,10,C1B90,800D3270,10,C1B60,800D3240,10,C1BD0,800D32B0,10,C15B0,800D2D90,10,C2640,800D3520,20,C2620,800D3500,20,C2620,800D3500,20,C2600,800D34E0,20,C26E0,800D35E0,20,0C26C0,800D35C0,20,C2620,800D3500,20,E7300,80104160,20,E6FB0,80103E10,20,E72E0,80104140,20,,,,,,,
normalize,,Handwritten,C17B0,800D2850,90,C19C0,800D2A60,90,C1B80,800D2C20,90,C1BA0,800D3280,90,C1B70,800D3250,90,C1BE0,800D32C0,90,C15C0,800D2DA0,90,C2660,800D3540,60,C2640,800D3520,60,C2640,800D3520,60,C2620,800D3500,60,C2700,800D3600,60,0C26E0,800D35E0,60,C2640,800D3520,60,E7320,80104180,60,E6FD0,80103E30,60,E7300,80104160,60,,,,,,,
dpgetstat,,,C1840,800D28E0,10,C1A50,800D2AF0,10,C1C10,800D2CB0,10,C1C30,800D3310,10,C1C00,800D32E0,10,C1C70,800D3350,10,C1650,800D2E30,10,C26C0,800D35A0,10,C26A0,800D3580,10,C26A0,800D3580,10,C2680,800D3560,10,C2760,800D3660,10,0C2740,800D3640,10,C26A0,800D3580,10,E7380,801041E0,10,E7030,80103E90,10,E7360,801041C0,10,,,,,,,
dpsetstat,,,C1850,800D28F0,10,C1A60,800D2B00,10,C1C20,800D2CC0,10,C1C40,800D3320,10,C1C10,800D32F0,10,C1C80,800D3360,10,C1660,800D2E40,10,C26D0,800D35B0,10,C26B0,800D3590,10,C26B0,800D3590,10,C2690,800D3570,10,C2770,800D3670,10,0C2750,800D3650,10,C26B0,800D3590,10,E7390,801041F0,10,E7040,80103EA0,10,E7370,801041D0,10,,,,,,,
pfsdeletefile,,,-,-,-,-,-,-,-,-,-,-,-,-,-,-,-,-,-,-,-,-,-,-,-,-,-,-,-,-,-,-,-,-,-,-,-,-,-,-,-,-,-,-,E73A0,80104200,270,E7050,80103EB0,270,E7380,801041E0,270,,,,,,,
ortho,,,C1860,800D2900,1C0,C1A70,800D2B10,1C0,C1C30,800D2CD0,1C0,C1C50,800D3330,1C0,C1C20,800D3300,1C0,C1C90,800D3370,1C0,C1670,800D2E50,1C0,C26E0,800D35C0,1C0,C26C0,800D35A0,1C0,C26C0,800D35A0,1C0,C26A0,800D3580,1C0,C2780,800D3680,1C0,0C2760,800D3660,1C0,C26C0,800D35A0,1C0,E7610,80104470,1C0,E72C0,80104120,1C0,E75F0,80104450,1C0,,,,,,,
cosf,,,C1A20,800D2AC0,170,C1C30,800D2CD0,170,C1DF0,800D2E90,170,C1E10,800D34F0,170,C1DE0,800D34C0,170,C1E50,800D3530,170,C1830,800D3010,170,C28A0,800D3780,170,C2880,800D3760,170,C2880,800D3760,170,C2860,800D3740,170,C2940,800D3840,170,0C2920,800D3820,170,C2880,800D3760,170,E77D0,80104630,170,E7480,801042E0,170,E77B0,80104610,170,,,,,,,
visetspecial,,J?,C1B90,800D2C30,160,C1DA0,800D2E40,160,C1F60,800D3000,160,-,-,-,-,-,-,-,-,-,-,-,-,-,-,-,-,-,-,-,-,-,-,-,-,-,-,-,-,-,-,-,-,-,-,-,-,-,-,-,-,-,-,,,,,,,
coss,,,C1CF0,800D2D90,30,C1F00,800D2FA0,30,C20C0,800D3160,30,C1F80,800D3660,30,C1F50,800D3630,30,C1FC0,800D36A0,30,C19A0,800D3180,30,C2A10,800D38F0,30,C29F0,800D38D0,30,C29F0,800D38D0,30,C29D0,800D38B0,30,C2AB0,800D39B0,30,0C2A90,800D3990,30,C29F0,800D38D0,30,E7940,801047A0,30,E75F0,80104450,30,E7920,80104780,30,,,,,,,
settime,,n64,C1D20,800D2DC0,30,C1F30,800D2FD0,30,C20F0,800D3190,30,C1FB0,800D3690,30,C1F80,800D3660,30,C1FF0,800D36D0,30,C19D0,800D31B0,30,-,-,-,-,-,-,-,-,-,-,-,-,-,-,-,-,-,-,-,-,-,-,-,-,-,-,-,-,-,-,,,,,,,
visetevent,,,C1D50,800D2DF0,70,C1F60,800D3000,70,C2120,800D31C0,70,C1FE0,800D36C0,70,C1FB0,800D3690,70,C2020,800D3700,70,C1A00,800D31E0,70,C2A40,800D3920,60,C2A20,800D3900,60,C2A20,800D3900,60,C2A00,800D38E0,60,C2AE0,800D39E0,60,0C2AC0,800D39C0,60,C2A20,800D3900,60,E7970,801047D0,60,E7620,80104480,60,E7950,801047B0,60,,,,,,,
pfsisplug,,,-,-,-,-,-,-,-,-,-,-,-,-,-,-,-,-,-,-,-,-,-,-,-,-,-,-,-,-,-,-,-,-,-,-,-,-,-,-,-,-,-,-,E79D0,80104830,2F0,E7680,801044E0,2F0,E79B0,80104810,2F0,,,,,,,
us2dex,,,C1DC0,800D2E60,180,C1FD0,800D3070,180,C2190,800D3230,180,C2050,800D3730,180,C2020,800D3700,180,C2090,800D3770,180,C1A70,800D3250,180,C2AA0,800D3980,180,C2A80,800D3960,180,C2A80,800D3960,180,C2A60,800D3940,180,C2B40,800D3A40,180,0C2B20,800D3A20,180,C2A80,800D3960,180,E7CC0,80104B20,180,E7970,801047D0,180,E7CA0,80104B00,180,,,,,,,
pfsselectbank,,,C1F40,800D2FE0,80,C2150,800D31F0,80,C2310,800D33B0,80,C21D0,800D38B0,80,C21A0,800D3880,80,C2210,800D38F0,80,-,-,-,C2C20,800D3B00,80,C2C00,800D3AE0,80,C2C00,800D3AE0,80,C2BE0,800D3AC0,80,C2CC0,800D3BC0,80,0C2CA0,800D3BA0,80,C2C00,800D3AE0,80,E7E40,80104CA0,80,E7AF0,80104950,80,E7E20,80104C80,80,,,,,,,
contsetch,,,C1FC0,800D3060,70,C21D0,800D3270,70,C2390,800D3430,70,C2250,800D3930,70,C2220,800D3900,70,C2290,800D3970,70,C1BF0,800D33D0,70,C2CA0,800D3B80,60,C2C80,800D3B60,60,C2C80,800D3B60,60,C2C60,800D3B40,60,C2D40,800D3C40,60,0C2D20,800D3C20,60,C2C80,800D3B60,60,E7EC0,80104D20,60,E7B70,801049D0,60,E7EA0,80104D00,60,,,,,,,
pfsfilestate,,,-,-,-,-,-,-,-,-,-,-,-,-,-,-,-,-,-,-,-,-,-,-,-,-,-,-,-,-,-,-,-,-,-,-,-,-,-,-,-,-,-,-,E7F20,80104D80,1E0,E7BD0,80104A30,1E0,E7F00,80104D60,1E0,,,,,,,
pfsinitpak,,,-,-,-,-,-,-,-,-,-,-,-,-,-,-,-,-,-,-,-,-,-,-,-,-,-,-,-,-,-,-,-,-,-,-,-,-,-,-,-,-,-,-,E8100,80104F60,310,E7DB0,80104C10,310,E80E0,80104F40,310,,,,,,,
pfschecker,,,-,-,-,-,-,-,-,-,-,-,-,-,-,-,-,-,-,-,-,-,-,-,-,-,-,-,-,-,-,-,-,-,-,-,-,-,-,-,-,-,-,-,E8410,80105270,9B0,E80C0,80104F20,9B0,E83F0,80105250,9B0,,,,,,,
aigetlen,,,C2030,800D30D0,10,C2240,800D32E0,10,C2400,800D34A0,10,C22C0,800D39A0,10,C2290,800D3970,10,C2300,800D39E0,10,C1C60,800D3440,10,C2D00,800D3BE0,10,C2CE0,800D3BC0,10,C2CE0,800D3BC0,10,C2CC0,800D3BA0,10,C2DA0,800D3CA0,10,0C2D80,800D3C80,10,C2CE0,800D3BC0,10,E8DC0,80105C20,20,E8A70,801058D0,20,E8DA0,80105C00,20,,,,,,,
[PADDING],,,-,-,-,-,-,-,-,-,-,-,-,-,-,-,-,-,-,-,-,-,-,C2D10,800D3BF0,10,C2CF0,800D3BD0,10,C2CF0,800D3BD0,10,C2CD0,800D3BB0,10,C2DB0,800D3CB0,10,C2D90,800D3C90,10,C2CF0,800D3BD0,10,,,,,,,,,,,,,,,,
translate,,"Handwritten, 4w padding at start",C2040,800D30E0,A0,C2250,800D32F0,A0,C2410,800D34B0,A0,C22D0,800D39B0,A0,C22A0,800D3980,A0,C2310,800D39F0,A0,C1C70,800D3450,A0,C2D20,800D3C00,D0,C2D00,800D3BE0,D0,C2D00,800D3BE0,D0,C2CE0,800D3BC0,D0,C2DC0,800D3CC0,D0,0C2DA0,800D3CA0,D0,C2D00,800D3BE0,D0,E8DE0,80105C40,D0,E8A90,801058F0,D0,E8DC0,80105C20,D0,,,,,,,
contramwrite,,J version?,C20E0,800D3180,250,C22F0,800D3390,250,C24B0,800D3550,250,C2370,800D3A50,250,C2340,800D3A20,250,C23B0,800D3A90,250,-,-,-,C2DF0,800D3CD0,250,C2DD0,800D3CB0,250,C2DD0,800D3CB0,250,C2DB0,800D3C90,250,C2E90,800D3D90,250,0C2E70,800D3D70,250,C2DD0,800D3CB0,250,E8EB0,80105D10,250,E8B60,801059C0,250,E8E90,80105CF0,250,,,,,,,
pfsgetstatus,,J?,C2330,800D33D0,230,C2540,800D35E0,230,C2700,800D37A0,230,C25C0,800D3CA0,230,C2590,800D3C70,230,C2600,800D3CE0,230,-,-,-,C3040,800D3F20,230,C3020,800D3F00,230,C3020,800D3F00,230,C3000,800D3EE0,230,C30E0,800D3FE0,230,0C30C0,800D3FC0,230,C3020,800D3F00,230,-,-,-,-,-,-,-,-,-,,,,,,,
contpfs,,J?,C2560,800D3600,B80,C2770,800D3810,B80,C2930,800D39D0,B80,C27F0,800D3ED0,B80,C27C0,800D3EA0,B80,C2830,800D3F10,B80,-,-,-,C3270,800D4150,B80,C3250,800D4130,B80,C3250,800D4130,B80,C3230,800D4110,B80,C3310,800D4210,B80,0C32F0,800D41F0,B80,C3250,800D4130,B80,-,-,-,-,-,-,-,-,-,,,,,,,
bcmp,,Handwritten,C30E0,800D4180,120,C32F0,800D4390,120,C34B0,800D4550,120,C3370,800D4A50,120,C3340,800D4A20,120,C33B0,800D4A90,120,-,-,-,-,-,-,-,-,-,-,-,-,-,-,-,-,-,-,-,-,-,-,-,-,-,-,-,-,-,-,-,-,-,,,,,,,
contramread,,J?,C3200,800D42A0,230,C3410,800D44B0,230,C35D0,800D4670,230,C3490,800D4B70,230,C3460,800D4B40,230,C34D0,800D4BB0,230,-,-,-,C3DF0,800D4CD0,230,C3DD0,800D4CB0,230,C3DD0,800D4CB0,230,C3DB0,800D4C90,230,C3E90,800D4D90,230,0C3E70,800D4D70,230,C3DD0,800D4CB0,230,E9100,80105F60,230,E8DB0,80105C10,230,E90E0,80105F40,230,,,,,,,
crc,,,C3430,800D44D0,170,C3640,800D46E0,170,C3800,800D48A0,170,C36C0,800D4DA0,170,C3690,800D4D70,170,C3700,800D4DE0,170,-,-,-,C4020,800D4F00,170,C4000,800D4EE0,170,C4000,800D4EE0,170,C3FE0,800D4EC0,170,C40C0,800D4FC0,170,0C40A0,800D4FA0,170,C4000,800D4EE0,170,E9330,80106190,170,E8FE0,80105E40,170,E9310,80106170,170,,,,,,,
pfsisplug,,,C35A0,800D4640,340,C37B0,800D4850,340,C3970,800D4A10,340,C3830,800D4F10,340,C3800,800D4EE0,340,C3870,800D4F50,340,-,-,-,C4190,800D5070,2F0,C4170,800D5050,2F0,C4170,800D5050,2F0,C4150,800D5030,2F0,C4230,800D5130,2F0,0C4210,800D5110,2F0,C4170,800D5050,2F0,-,-,-,-,-,-,-,-,-,,,,,,,
settimer,,,-,-,-,-,-,-,-,-,-,-,-,-,-,-,-,-,-,-,-,-,-,C4480,800D5360,190,C4460,800D5340,190,C4460,800D5340,190,C4440,800D5320,190,C4520,800D5420,190,0C4500,800D5400,190,C4460,800D5340,190,E94A0,80106300,190,E9150,80105FB0,190,E9480,801062E0,190,,,,,,,
xlitob,,N64,C38E0,800D4980,2A0,C3AF0,800D4B90,2A0,C3CB0,800D4D50,2A0,C3B70,800D5250,2A0,C3B40,800D5220,2A0,C3BB0,800D5290,2A0,C1D10,800D34F0,2A0,-,-,-,-,-,-,-,-,-,-,-,-,-,-,-,-,-,-,-,-,-,-,-,-,-,-,-,-,-,-,,,,,,,
,xldtob,In boot on debug,-,-,-,-,-,-,-,-,-,-,-,-,-,-,-,-,-,-,-,-,-,C4610,800D54F0,B10,C45F0,800D54D0,B10,C45F0,800D54D0,B10,C45D0,800D54B0,B10,C46B0,800D55B0,B10,0C4690,800D5590,B10,C45F0,800D54D0,B10,-,-,-,-,-,-,-,-,-,,,,,,,
ldiv,,In boot on debug,C3B80,800D4C20,190,C3D90,800D4E30,190,C3F50,800D4FF0,190,C3E10,800D54F0,190,C3DE0,800D54C0,190,C3E50,800D5530,190,C1FB0,800D3790,190,C5120,800D6000,190,C5100,800D5FE0,190,C5100,800D5FE0,190,C50E0,800D5FC0,190,C51C0,800D60C0,190,0C51A0,800D60A0,190,C5100,800D5FE0,190,-,-,-,-,-,-,-,-,-,,,,,,,
,osViModeFpalLan1,0x50 data only. In boot on debug,-,-,-,-,-,-,-,-,-,-,-,-,-,-,-,-,-,-,-,-,-,-,-,-,-,-,-,-,-,-,-,-,-,-,-,-,-,-,-,-,-,-,-,-,-,-,-,-,-,-,-,,,,,,,
xldtob,,N64,C3D10,800D4DB0,AC0,C3F20,800D4FC0,AC0,C40E0,800D5180,AC0,C3FA0,800D5680,AC0,C3F70,800D5650,AC0,C3FE0,800D56C0,AC0,C2140,800D3920,AC0,-,-,-,-,-,-,-,-,-,-,-,-,-,-,-,-,-,-,-,-,-,-,-,-,-,-,-,-,-,-,,,,,,,
,xlitob,In boot on debug,-,-,-,-,-,-,-,-,-,-,-,-,-,-,-,-,-,-,-,-,-,C52B0,800D6190,2A0,C5290,800D6170,2A0,C5290,800D6170,2A0,C5270,800D6150,2A0,C5350,800D6250,2A0,0C5330,800D6230,2A0,C5290,800D6170,2A0,-,-,-,-,-,-,-,-,-,,,,,,,
spgetstat,,,C47D0,800D5870,10,C49E0,800D5A80,10,C4BA0,800D5C40,10,C4A60,800D6140,10,C4A30,800D6110,10,C4AA0,800D6180,10,C2C00,800D43E0,10,C5550,800D6430,10,C5530,800D6410,10,C5530,800D6410,10,C5510,800D63F0,10,C55F0,800D64F0,10,0C55D0,800D64D0,10,C5530,800D6410,10,E9630,80106490,10,E92E0,80106140,10,E9610,80106470,10,,,,,,,
spsetstat,,,C47E0,800D5880,10,C49F0,800D5A90,10,C4BB0,800D5C50,10,C4A70,800D6150,10,C4A40,800D6120,10,C4AB0,800D6190,10,C2C10,800D43F0,10,C5560,800D6440,10,C5540,800D6420,10,C5540,800D6420,10,C5520,800D6400,10,C5600,800D6500,10,0C55E0,800D64E0,10,C5540,800D6420,10,E9640,801064A0,10,E92F0,80106150,10,E9620,80106480,10,,,,,,,
writebackdcacheall,,,C47F0,800D5890,30,C4A00,800D5AA0,30,C4BC0,800D5C60,30,C4A80,800D6160,30,C4A50,800D6130,30,C4AC0,800D61A0,30,C2C20,800D4400,30,C5570,800D6450,30,C5550,800D6430,30,C5550,800D6430,30,C5530,800D6410,30,C5610,800D6510,30,0C55F0,800D64F0,30,C5550,800D6430,30,E9650,801064B0,30,E9300,80106160,30,E9630,80106490,30,,,,,,,
getcurrfaultedthread,,,C4820,800D58C0,10,C4A30,800D5AD0,10,C4BF0,800D5C90,10,C4AB0,800D6190,10,C4A80,800D6160,10,C4AF0,800D61D0,10,C2C50,800D4430,10,C55A0,800D6480,10,C5580,800D6460,10,C5580,800D6460,10,C5560,800D6440,10,C5640,800D6540,10,0C5620,800D6520,10,C5580,800D6460,10,E9680,801064E0,20,E9330,80106190,20,E9660,801064C0,20,,,,,,,
[PADDING],,,-,-,-,-,-,-,-,-,-,-,-,-,-,-,-,-,-,-,-,-,-,C55B0,800D6490,10,C5590,800D6470,10,C5590,800D6470,10,C5570,800D6450,10,C5650,800D6550,10,C5630,800D6530,10,C5590,800D6470,10,E9690,,,E9340,,,E9670,,,,,,,,,
mtxf2l,,Handwritten,-,-,-,-,-,-,-,-,-,-,-,-,-,-,-,-,-,-,-,-,-,C55C0,800D64A0,70,C55A0,800D6480,70,C55A0,800D6480,70,C5580,800D6460,70,C5660,800D6560,70,0C5640,800D6540,70,C55A0,800D6480,70,E96A0,80106500,70,E9350,801061B0,70,E9680,801064E0,70,,,,,,,
llcvt,,,C4830,800D58D0,210,0C4A40,800D5AE0,210,C4C00,800D5CA0,210,C4AC0,800D61A0,210,C4A90,800D6170,210,C4B00,800D61E0,210,C2C60,800D4440,210,C5630,800D6510,210,C5610,800D64F0,210,C5610,800D64F0,210,0C55F0,800D64D0,210,C56D0,800D65D0,210,0C56B0,800D65B0,210,C5610,800D64F0,210,E9710,80106570,210,E93C0,80106220,210,E96F0,80106550,210,,,,,,,
visetyscale,,ne0/ne1,C4A40,800D5AE0,60,C4C50,800D5CF0,60,C4E10,800D5EB0,60,-,-,-,-,-,-,-,-,-,-,-,-,-,-,-,-,-,-,-,-,-,-,-,-,-,-,-,-,-,-,-,-,-,-,-,-,-,-,-,-,-,-,,,,,,,
vigetcurrframebuf,,,C4AA0,800D5B40,40,C4CB0,800D5D50,40,C4E70,800D5F10,40,C4CD0,800D63B0,40,C4CA0,800D6380,40,C4D10,800D63F0,40,C2E70,800D4650,40,C5840,800D6720,40,C5820,800D6700,40,C5820,800D6700,40,0C5800,800D66E0,40,C58E0,800D67E0,40,0C58C0,800D67C0,40,C5820,800D6700,40,E9920,80106780,40,E95D0,80106430,40,E9900,80106760,40,,,,,,,
spsetpc,,,C4AE0,800D5B80,40,C4CF0,800D5D90,40,C4EB0,800D5F50,40,C4D10,800D63F0,40,C4CE0,800D63C0,40,C4D50,800D6430,40,C2EB0,800D4690,40,C5880,800D6760,30,C5860,800D6740,30,C5860,800D6740,30,0C5840,800D6720,30,C5920,800D6820,30,0C5900,800D6800,30,C5860,800D6740,30,E9960,801067C0,30,E9610,80106470,30,E9940,801067A0,30,,,,,,,
sqrt,,,C4B20,800D5BC0,10,C4D30,800D5DD0,10,C4EF0,800D5F90,10,C4D50,800D6430,10,C4D20,800D6400,10,C4D90,800D6470,10,C2EF0,800D46D0,10,C58B0,800D6790,10,C5890,800D6770,10,C5890,800D6770,10,C5870,800D6750,10,C5950,800D6850,10,0C5930,800D6830,10,C5890,800D6770,10,E9990,801067F0,10,E9640,801064A0,10,E9970,801067D0,10,,,,,,,
absf,,,-,-,-,-,-,-,-,-,-,-,-,-,-,-,-,-,-,-,-,-,-,C58C0,800D67A0,10,C58A0,800D6780,10,C58A0,800D6780,10,C5880,800D6760,10,C5960,800D6860,10,0C5940,800D6840,10,C58A0,800D6780,10,E99A0,80106800,10,E9650,801064B0,10,E9980,801067E0,10,,,,,,,
fmodf,,not part of libultra,C4B30,800D5BD0,50,C4D40,800D5DE0,50,C4F00,800D5FA0,50,C4D60,800D6440,50,C4D30,800D6410,50,C4DA0,800D6480,50,C2F00,800D46E0,50,C58D0,800D67B0,50,C58B0,800D6790,50,C58B0,800D6790,50,C5890,800D6770,50,C5970,800D6870,50,0C5950,800D6850,50,C58B0,800D6790,50,E99B0,80106810,70,E9660,801064C0,70,E9990,801067F0,70,,,,,,,
__osMemset,,not part of libultra,C4B80,800D5C20,30,C4D90,800D5E30,30,C4F50,800D5FF0,30,C4DB0,800D6490,30,C4D80,800D6460,30,C4DF0,800D64D0,30,C2F50,800D4730,30,C5920,800D6800,30,C5900,800D67E0,30,C5900,800D67E0,30,C58E0,800D67C0,30,C59C0,800D68C0,30,0C59A0,800D68A0,30,C5900,800D67E0,30,E9A20,80106880,50,E96D0,80106530,50,E9A00,80106860,50,,,,,,,
__osMemmove,,not part of libultra,C4BB0,800D5C50,90,C4DC0,800D5E60,90,C4F80,800D6020,90,C4DE0,800D64C0,90,C4DB0,800D6490,90,C4E20,800D6500,90,C2F80,800D4760,90,C5950,800D6830,90,C5930,800D6810,90,C5930,800D6810,90,C5910,800D67F0,90,C59F0,800D68F0,90,0C59D0,800D68D0,90,C5930,800D6810,90,E9A70,801068D0,100,E9720,80106580,100,E9A50,801068B0,100,,,,,,,
,aigetlen,,,,,,,,,,,,,,,,,,,,,,,,,,,,,,,,,,,,,,,,,,,,,,,,,,,,,BD720,800D66C0,10,BD8E0,800D6320,10,
,aisetfreq,,,,,,,,,,,,,,,,,,,,,,,,,,,,,,,,,,,,,,,,,,,,,,,,,,,,,BD730,800D66D0,100,BD8F0,800D6330,100,
,sl,libaudio,,,,,,,,,,,,,,,,,,,,,,,,,,,,,,,,,,,,,,,,,,,,,,,,,,,,BD830,800D67D0,B0,BD9F0,800D6430,B0,
,synthesizer,libaudio,,,,,,,,,,,,,,,,,,,,,,,,,,,,,,,,,,,,,,,,,,,,,,,,,,,,BD8E0,800D6880,670,BDAA0,800D64E0,670,
,syndelete,libaudio,,,,,,,,,,,,,,,,,,,,,,,,,,,,,,,,,,,,,,,,,,,,,,,,,,,,BDF50,800D6EF0,10,BE110,800D6B50,10,
,synallocfx,libaudio,,,,,,,,,,,,,,,,,,,,,,,,,,,,,,,,,,,,,,,,,,,,,,,,,,,,BDF60,800D6F00,A0,BE120,800D6B60,A0,
,writebackdcacheall,handwritten,,,,,,,,,,,,,,,,,,,,,,,,,,,,,,,,,,,,,,,,,,,,,,,,,,,,BE000,800D6FA0,30,BE1C0,800D6C00,30,
,contquery,,,,,,,,,,,,,,,,,,,,,,,,,,,,,,,,,,,,,,,,,,,,,,,,,,,,,BE030,800D6FD0,B0,BE1F0,800D6C30,B0,
,contreaddata,,,,,,,,,,,,,,,,,,,,,,,,,,,,,,,,,,,,,,,,,,,,,,,,,,,,,0BE0E0,800D7080,280,BE2A0,800D6CE0,280,
,controller,,,,,,,,,,,,,,,,,,,,,,,,,,,,,,,,,,,,,,,,,,,,,,,,,,,,,0BE360,800D7300,3D0,BE520,800D6F60,3D0,
,contsetch,,,,,,,,,,,,,,,,,,,,,,,,,,,,,,,,,,,,,,,,,,,,,,,,,,,,,0BE730,800D76D0,60,BE8F0,800D7330,60,
,sqrtf,,,,,,,,,,,,,,,,,,,,,,,,,,,,,,,,,,,,,,,,,,,,,,,,,,,,,0BE790,800D7730,10,BE950,800D7390,10,
,cosf,,,,,,,,,,,,,,,,,,,,,,,,,,,,,,,,,,,,,,,,,,,,,,,,,,,,,0BE7A0,800D7740,130,BE960,800D73A0,130,
,coss,,,,,,,,,,,,,,,,,,,,,,,,,,,,,,,,,,,,,,,,,,,,,,,,,,,,,0BE8D0,800D7870,20,BEA90,800D74D0,20,
,lookat,,,,,,,,,,,,,,,,,,,,,,,,,,,,,,,,,,,,,,,,,,,,,,,,,,,,,0BE8F0,800D7890,330,BEAB0,800D74F0,330,
,lookathil,,,,,,,,,,,,,,,,,,,,,,,,,,,,,,,,,,,,,,,,,,,,,,,,,,,,,0BEC20,800D7BC0,8D0,BEDE0,800D7820,8D0,
,ortho,,,,,,,,,,,,,,,,,,,,,,,,,,,,,,,,,,,,,,,,,,,,,,,,,,,,,0BF4F0,800D8490,170,BF6B0,800D80F0,170,
,perspective,,,,,,,,,,,,,,,,,,,,,,,,,,,,,,,,,,,,,,,,,,,,,,,,,,,,,0BF660,800D8600,200,BF820,800D8260,200,
,position,,,,,,,,,,,,,,,,,,,,,,,,,,,,,,,,,,,,,,,,,,,,,,,,,,,,,0BF860,800D8800,1E0,BFA20,800D8460,1E0,
,sinf,,,,,,,,,,,,,,,,,,,,,,,,,,,,,,,,,,,,,,,,,,,,,,,,,,,,,0BFA40,800D89E0,180,BFC00,800D8640,180,
,sins,,,,,,,,,,,,,,,,,,,,,,,,,,,,,,,,,,,,,,,,,,,,,,,,,,,,,0BFBC0,800D8B60,50,BFD80,800D87C0,50,
,us2dex,,,,,,,,,,,,,,,,,,,,,,,,,,,,,,,,,,,,,,,,,,,,,,,,,,,,,0BFC10,800D8BB0,120,BFDD0,800D8810,120,
,ll,O0,,,,,,,,,,,,,,,,,,,,,,,,,,,,,,,,,,,,,,,,,,,,,,,,,,,,0BFD30,800D8CD0,580,BFEF0,800D8930,270,
,llcvt,O0,,,,,,,,,,,,,,,,,,,,,,,,,,,,,,,,,,,,,,,,,,,,,,,,,,,,0C02B0,800D9250,310,C0160,800D8BA0,1B0,
,string,,,,,,,,,,,,,,,,,,,,,,,,,,,,,,,,,,,,,,,,,,,,,,,,,,,,,0C05C0,800D9560,80,C0310,800D8D50,80,
,xprintf,,,,,,,,,,,,,,,,,,,,,,,,,,,,,,,,,,,,,,,,,,,,,,,,,,,,,0C0640,800D95E0,9E0,C0390,800D8DD0,9E0,
,dpgetstat,,,,,,,,,,,,,,,,,,,,,,,,,,,,,,,,,,,,,,,,,,,,,,,,,,,,,0C1020,800D9FC0,10,C0D70,800D97B0,10,
,dpsetstat,,,,,,,,,,,,,,,,,,,,,,,,,,,,,,,,,,,,,,,,,,,,,,,,,,,,,0C1030,800D9FD0,10,C0D80,800D97C0,10,
,spgetstat,,,,,,,,,,,,,,,,,,,,,,,,,,,,,,,,,,,,,,,,,,,,,,,,,,,,,0C1040,800D9FE0,10,C0D90,800D97D0,10,
,spsetstat,,,,,,,,,,,,,,,,,,,,,,,,,,,,,,,,,,,,,,,,,,,,,,,,,,,,,0C1050,800D9FF0,10,C0DA0,800D97E0,10,
,sptask,,,,,,,,,,,,,,,,,,,,,,,,,,,,,,,,,,,,,,,,,,,,,,,,,,,,,0C1060,800DA000,210,C0DB0,800D97F0,210,
,sptaskyield,,,,,,,,,,,,,,,,,,,,,,,,,,,,,,,,,,,,,,,,,,,,,,,,,,,,,0C1270,800DA210,20,C0FC0,800D9A00,20,
,sptaskyielded,,,,,,,,,,,,,,,,,,,,,,,,,,,,,,,,,,,,,,,,,,,,,,,,,,,,,0C1290,800DA230,50,C0FE0,800D9A20,50,
,sirawdma,,,,,,,,,,,,,,,,,,,,,,,,,,,,,,,,,,,,,,,,,,,,,,,,,,,,,0C12E0,800DA280,E0,C1030,800D9A70,E0,
,siacs,,,,,,,,,,,,,,,,,,,,,,,,,,,,,,,,,,,,,,,,,,,,,,,,,,,,,0C13C0,800DA360,C0,C1110,800D9B50,C0,
,getthreadid,O0,,,,,,,,,,,,,,,,,,,,,,,,,,,,,,,,,,,,,,,,,,,,,,,,,,,,0C1480,800DA420,50,C11D0,800D9C10,20,
,getactivequeue,O0,,,,,,,,,,,,,,,,,,,,,,,,,,,,,,,,,,,,,,,,,,,,,,,,,,,,0C14D0,800DA470,30,C11F0,800D9C30,10,
,settimer,O0,,,,,,,,,,,,,,,,,,,,,,,,,,,,,,,,,,,,,,,,,,,,,,,,,,,,0C1500,800DA4A0,1C0,C1200,800D9C40,130,
,stoptimer,O0,,,,,,,,,,,,,,,,,,,,,,,,,,,,,,,,,,,,,,,,,,,,,,,,,,,,0C16C0,800DA660,120,C1330,800D9D70,C0,
,vigetcurrframebuf,,,,,,,,,,,,,,,,,,,,,,,,,,,,,,,,,,,,,,,,,,,,,,,,,,,,,0C17E0,800DA780,40,C13F0,800D9E30,40,
,visetevent,,,,,,,,,,,,,,,,,,,,,,,,,,,,,,,,,,,,,,,,,,,,,,,,,,,,,0C1820,800DA7C0,C0,C1430,800D9E70,D0,
,mtxidentf,handwritten,,,,,,,,,,,,,,,,,,,,,,,,,,,,,,,,,,,,,,,,,,,,,,,,,,,,0C18E0,800DA880,60,C1500,800D9F40,60,
,mtxf2l,handwritten,,,,,,,,,,,,,,,,,,,,,,,,,,,,,,,,,,,,,,,,,,,,,,,,,,,,0C1940,800DA8E0,80,C1560,800D9FA0,80,
,scale,,,,,,,,,,,,,,,,,,,,,,,,,,,,,,,,,,,,,,,,,,,,,,,,,,,,,0C19C0,800DA960,A0,C15E0,800DA020,A0,
,translate,,,,,,,,,,,,,,,,,,,,,,,,,,,,,,,,,,,,,,,,,,,,,,,,,,,,,0C1A60,800DAA00,D0,C1680,800DA0C0,D0,
,rotate,,,,,,,,,,,,,,,,,,,,,,,,,,,,,,,,,,,,,,,,,,,,,,,,,,,,,0C1B30,800DAAD0,190,C1750,800DA190,190,
,getcurrfaultthread,O0,,,,,,,,,,,,,,,,,,,,,,,,,,,,,,,,,,,,,,,,,,,,,,,,,,,,0C1CC0,800DAC60,30,C18E0,800DA320,10,
,skapi,handwritten (in boot on iqt),,,,,,,,,,,,,,,,,,,,,,,,,,,,,,,,,,,,,,,,,,,,,,,,,,,,0C1CF0,800DAC90,250,-,-,-,
,common,1/3 memory functions (only memset in iqt),,,,,,,,,,,,,,,,,,,,,,,,,,,,,,,,,,,,,,,,,,,,,,,,,,,,0C1F40,800DAEE0,F0,C18F0,800DA330,30,
,motor,,,,,,,,,,,,,,,,,,,,,,,,,,,,,,,,,,,,,,,,,,,,,,,,,,,,,0C2030,800DAFD0,10,C1920,800DA360,10,
,afterprenmi,O0,,,,,,,,,,,,,,,,,,,,,,,,,,,,,,,,,,,,,,,,,,,,,,,,,,,,0C2040,800DAFE0,40,C1930,800DA370,20,
,drvrNew,libaudio,,,,,,,,,,,,,,,,,,,,,,,,,,,,,,,,,,,,,,,,,,,,,,,,,,,,0C2080,800DB020,7B0,C1950,800DA390,7B0,
,load,libaudio,,,,,,,,,,,,,,,,,,,,,,,,,,,,,,,,,,,,,,,,,,,,,,,,,,,,0C2830,800DB7D0,A90,C2100,800DAB40,A90,
,auxbus,libaudio,,,,,,,,,,,,,,,,,,,,,,,,,,,,,,,,,,,,,,,,,,,,,,,,,,,,0C32C0,800DC260,110,C2B90,800DB5D0,110,
,env,libaudio,,,,,,,,,,,,,,,,,,,,,,,,,,,,,,,,,,,,,,,,,,,,,,,,,,,,0C33D0,800DC370,B70,C2CA0,800DB6E0,B70,
,filter,libaudio,,,,,,,,,,,,,,,,,,,,,,,,,,,,,,,,,,,,,,,,,,,,,,,,,,,,0C3F40,800DCEE0,20,C3810,800DC250,20,
,mainbus,libaudio,,,,,,,,,,,,,,,,,,,,,,,,,,,,,,,,,,,,,,,,,,,,,,,,,,,,0C3F60,800DCF00,170,C3830,800DC270,170,
,resample,libaudio,,,,,,,,,,,,,,,,,,,,,,,,,,,,,,,,,,,,,,,,,,,,,,,,,,,,0C40D0,800DD070,2A0,C39A0,800DC3E0,2A0,
,reverb,libaudio,,,,,,,,,,,,,,,,,,,,,,,,,,,,,,,,,,,,,,,,,,,,,,,,,,,,0C4370,800DD310,B70,C3C40,800DC680,B70,
,save,libaudio,,,,,,,,,,,,,,,,,,,,,,,,,,,,,,,,,,,,,,,,,,,,,,,,,,,,0C4EE0,800DDE80,E0,C47B0,800DD1F0,E0,
,heapalloc,libaudio,,,,,,,,,,,,,,,,,,,,,,,,,,,,,,,,,,,,,,,,,,,,,,,,,,,,0C4FC0,800DDF60,50,C4890,800DD2D0,50,
,copy,libaudio,,,,,,,,,,,,,,,,,,,,,,,,,,,,,,,,,,,,,,,,,,,,,,,,,,,,0C5010,800DDFB0,30,C48E0,800DD320,30,
,xlitob,,,,,,,,,,,,,,,,,,,,,,,,,,,,,,,,,,,,,,,,,,,,,,,,,,,,,0C5040,800DDFE0,230,C4910,800DD350,230,
,xldtob,,,,,,,,,,,,,,,,,,,,,,,,,,,,,,,,,,,,,,,,,,,,,,,,,,,,,0C5270,800DE210,A00,C4B40,800DD580,A00,
,sp,,,,,,,,,,,,,,,,,,,,,,,,,,,,,,,,,,,,,,,,,,,,,,,,,,,,,0C5C70,800DEC10,30,C5540,800DDF80,30,
,spsetpc,,,,,,,,,,,,,,,,,,,,,,,,,,,,,,,,,,,,,,,,,,,,,,,,,,,,,0C5CA0,800DEC40,30,C5570,800DDFB0,30,
,sprawdma,,,,,,,,,,,,,,,,,,,,,,,,,,,,,,,,,,,,,,,,,,,,,,,,,,,,,0C5CD0,800DEC70,90,C55A0,800DDFE0,A0,
[PADDING],,,,,,,,,,,,,,,,,,,,,,,,,,,,,,,,,,,,,,,,,,,,,,,,,,,,,,-,-,-,C5630,800DE070,10,
,normalize,handwritten,,,,,,,,,,,,,,,,,,,,,,,,,,,,,,,,,,,,,,,,,,,,,,,,,,,,0C5D60,800DED00,60,C5640,800DE080,60,
,ldiv,,,,,,,,,,,,,,,,,,,,,,,,,,,,,,,,,,,,,,,,,,,,,,,,,,,,,0C5DC0,800DED60,1C0,C56A0,800DE0E0,1C0,
,fmodf,-O1,,,,,,,,,,,,,,,,,,,,,,,,,,,,,,,,,,,,,,,,,,,,,,,,,,,,0C5F80,800DEF20,40,C5860,800DE2A0,40,
,__osMemmove,not part of libultra,,,,,,,,,,,,,,,,,,,,,,,,,,,,,,,,,,,,,,,,,,,,,,,,,,,,0C5FC0,800DEF60,90,C58A0,800DE2E0,90,
,absf,,,,,,,,,,,,,,,,,,,,,,,,,,,,,,,,,,,,,,,,,,,,,,,,,,,,,0C6050,800DEFF0,10,C5930,800DE370,10,
,sqrt,,,,,,,,,,,,,,,,,,,,,,,,,,,,,,,,,,,,,,,,,,,,,,,,,,,,,0C6060,800DF000,10,C5940,800DE380,10,
z_message,,,C4C40,800D5CE0,B7C0,C4E50,800D5EF0,B7C0,C5010,800D60B0,B7C0,-,-,-,C4E40,800D6520,B7E0,-,-,-,C3010,800D47F0,B7E0,C59E0,800D68C0,B6A0,C59C0,800D68A0,B6A0,C59C0,800D68A0,B6A0,C59A0,800D6880,B6A0,-,-,-,-,-,-,C59C0,800D68A0,B6A0,-,-,-,-,-,-,-,-,-,-,-,-,-,-,-,
z_message_PAL,,,-,-,-,-,-,-,-,-,-,C4E70,800D6550,8F50,-,-,-,C4EB0,800D6590,8F50,-,-,-,-,-,-,-,-,-,-,-,-,-,-,-,C5A80,800D6980,8DC0,0C5A60,800D6960,8DC0,-,-,-,E9B70,801069D0,9AA0,E9820,80106680,9AA0,E9B50,801069B0,9AA0,-,-,-,-,-,-,
z_message_CN,,Name is a guess,-,-,-,-,-,-,-,-,-,-,-,-,-,-,-,-,-,-,-,-,-,-,-,-,-,-,-,-,-,-,-,-,-,-,-,-,-,-,-,-,-,-,-,-,-,-,-,-,-,-,-,C6070,800DF010,BB20,C5950,800DE390,BB20,z_message_CN.c
z_game_over,,ido,D0400,800E14A0,540,0D0610,800E16B0,540,D07D0,800E1870,540,CDDC0,800DF4A0,540,D0620,800E1D00,540,CDE00,800DF4E0,540,CE7F0,800DFFD0,540,D1080,800E1F60,540,D1060,800E1F40,540,D1060,800E1F40,540,0D1040,800E1F20,540,CE840,800DF740,540,0CE820,800DF720,540,D1060,800E1F40,540,F3610,80110470,540,F32C0,80110120,540,F35F0,80110450,540,D1B90,800EAB30,540,D1470,800E9EB0,540,
z_construct,,gcc on iQue,D0940,800E19E0,13D0,0D0B50,800E1BF0,13D0,D0D10,800E1DB0,13D0,CE300,800DF9E0,1530,D0B60,800E2240,13C0,CE340,800DFA20,1530,CED30,800E0510,13C0,D15C0,800E24A0,13C0,D15A0,800E2480,13C0,D15A0,800E2480,13C0,0D1580,800E2460,13C0,CED80,800DFC80,1540,0CED60,800DFC60,1540,D15A0,800E2480,13C0,F3B50,801109B0,1730,F3800,80110660,1730,F3B30,80110990,1730,D20D0,800EB070,F00,D19B0,800EA3F0,F00,
rsp.text,,Handwritten. N64 seems to have an extra function in the middle,0D1D10,800E2DB0,46F0,0D1F20,800E2FC0,46F0,0D20E0,800E3180,46F0,0CF830,800E0F10,46F0,0D1F20,800E3600,46F0,0CF870,800E0F50,46F0,D00F0,800E18D0,,0D2980,800E3860,3360,D2960,800E3840,3360,0D2960,800E3840,3360,0D2940,800E3820,3360,D02C0,800E11C0,3360,0D02A0,800E11A0,3360,0D2960,800E3840,3360,0F5280,801120E0,3360,0F5280,801120E0,3360,F5260,801120C0,3360,0D2FD0,800EBF70,3360,0D28B0,800EB2F0,3360,
,,,0D6400,800E74A0,,0D6610,800E76B0,,0D67D0,800E7870,,0D3F20,800E5600,,0D6610,800E7CF0,,0D3F60,800E5640,,,,,0D5CE0,800E6BC0,,D5CC0,800E6BA0,,0D5CC0,800E6BA0,,0D5CA0,800E6B80,,D3620,800E4520,,0D3600,800E4500,,0D5CC0,800E6BA0,,0F85E0,80115440,,0F85E0,80115440,,F85C0,80115420,,0D6330,800EF2D0,,0D5C10,800EE650,,